SIGN_HARD = "candidato",
SIGN_SOFT = "planificado",
SIGN_CANDIDATE = "salido",
SIGN_PLANNED = "lanzado",
SIGN_RELEASED = "bloqueado",
SIGN_LAUNCHED = "suspendido",
SIGN_LOCKED = "no disponible",
SIGN_SUSPENDED = "disponible",
SIGN_UNAVAILABLE = "activo",
SIGN_AVAILABLE = "pasivo",
SIGN_ACTIVE = "externo",
SIGN_PASSIVE = "crítico",
SIGN_EXTERNAL = "ilimitado",
SIGN_CRITICAL = "capacidad",
SIGN_UNLIMITED = "incapacidad",
SIGN_CAPACITATED = "divisible",
SIGN_UNICAPACITATED = "continuo",
SIGN_DIVISIBLE = "preventivo",
SIGN_CONTINUOUS = "indivisible",
SIGN_PREEMPTIVE = "retroalimentación planificada",
SIGN_INDIVISIBLE = "recurso acoplado",
SIGN_FEEDBACK = "Óptimo",
SIGN_COUPLED_RESOURCE = "Factible",
SIGN_OPTIMAL = "Incompleto",
SIGN_FEASIBLE = "Modificado",
SIGN_INCOMPLETE = "Vacío",
SIGN_EDITED = "posición",
SIGN_EMPTY = "Inicio del día",
SIGN_POSITION = "Fin del día",
SIGN_DAY_START = "Inicio de la ruta",
SIGN_DAY_END = "Fin de la ruta",
SIGN_TOUR_START = "Inicio de carga",
SIGN_TOUR_END = "Fin de carga",
SIGN_LOADING_START = "Inicio entrega",
SIGN_LOADING_END = "Fin entrega",
SIGN_DELIVERY_START = "Inicio de pausa",
SIGN_DELIVERY_END = "Fin de pausa",
SIGN_PAUSE_START = "+",
SIGN_PAUSE_END = "",
SIGN_SELECTED = "%",
SIGN_SPACE = "",
SIGN_PERCENTAGE = "Motor vista formateada",
SIGN_EDITABLE = "Motor documentación formateada",
SIGN_UNEDITABLE = "Menú inicio de sesión generado",
TAG_VIEW_FORMATTED = "Todos los menús generados",
TAG_PRINT_FORMATTED = "Todas las vistas generadas",
TAG_MENU_LOGIN_GENERATED = "Cantidad mínima",
TAG_MENU_GENERATED = "Peso mínimo",
TAG_VIEW_GENERATED = "Volumen mínimo",
TAG_MIN_QUANTITY = "Cantidad máxima",
TAG_MIN_WEIGHT = "Peso máximo",
TAG_MIN_VOLUME = "Volumen máximo",
TAG_MAX_QUANTITY = "Etiqueta",
TAG_MAX_WEIGHT = "Detalle",
TAG_MAX_VOLUME = "ID producto",
TAG_LABEL = "Nombre producto",
TAG_DETAIL = "Detalle provisión",
TAG_PRODUCT_ID = "Detalle palets",
TAG_PRODUCT_NAME = "Detalle cotización",
TAG_DETAIL_SUPPLY = "Detalle pedido",
TAG_DETAIL_PALLET = "Detalle entrega",
TAG_DETAIL_QUOTE = "Detalle factura",
TAG_DETAIL_ORDER = "Tipo de camión",
TAG_DETAIL_DELIVERY = "Tabla de camiones",
TAG_DETAIL_INVOICE = "Provisión",
TAG_TRUCK_TYPE = "Entrada en stock",
TAG_TABLE_TRUCK = "Entrega",
TAG_TABLE_SUPPLY = "Proveedores",
TAG_TABLE_PACKING = "Ofertas",
TAG_TABLE_DELIVERY = "Ofertas de proveedor",
TAG_SUPPLIERS = "Productos de oferta",
TAG_OFFERS = "Factura de entrega",
TAG_SUPPLIER_OFFER = "del proveedor",
TAG_OFFER_PRODUCT = "Palet en stock",
TAG_DELIVERY_INVOICE = "Palet de entrega",
TAG_OF_SUPPLIER = "Productos para entrega",
TAG_PACKING_PALLET_IDX = "Productos de entrega  ",
TAG_DELIVERY_PALLET_IDX = "Palets de entrega  ",
TAG_PRODUCT_FOR_DELIVERY = "Modificar palet de entrega  ",
TAG_DELIVERY_PRODUCT = "Eliminar entrega de la ruta  ",
TAG_DELIVERY_PALLET = "Eliminar producto  ",
TAG_UPDATE_DELIVERY_PALLET = "Eliminar productos no entregados  ",
TAG_REMOVE_DELIVERY_FROM_TOUR = "Detalle de pedidos  ",
TAG_REMOVE_PRODUCT = "Detalle de pedidos por producto  ",
TAG_REMOVE_NON_DELIVERY_PRODUCT = "Productos de provisión  ",
TAG_ORDER_PRODUCT = "Entregas de provisión  ",
TAG_ORDER_PRODUCT_FOR_PRODUCT = "Sin ruta para  ",
TAG_SUPPLY_PRODUCT = "Pedidos por producto  ",
TAG_TOUR_DELIVERY = "Palets por producto  ",
TAG_NO_TOUR_FOR = "Productos para cliente  ",
TAG_ORDER_FOR_PRODUCT = "Pedidos para cliente  ",
TAG_PALLET_FOR_PRODUCT = "Entregas para cliente  ",
TAG_PRODUCT_FOR_CLIENT = "Productos para entrada en stock  ",
TAG_ORDER_FOR_CLIENT = "Productos para presupuesto  ",
TAG_DELIVERY_FOR_CLIENT = "Productos para pedido  ",
TAG_PRODUCT_FOR_PACKING = "Entregas para pedido  ",
TAG_PRODUCT_FOR_QUOTE = "Productos para pedido  ",
TAG_PRODUCT_FOR_ORDER = "Productos para provisión  ",
TAG_DELIVERY_FOR_ORDER = "Productos para oferta  ",
TAG_PRODUCT_FOR_ORDER = "Entregas para ruta  ",
TAG_PRODUCT_FOR_SUPPLY = "Productos a añadir para presupuesto  ",
TAG_PRODUCT_FOR_OFFER = "Productos a añadir para pedido  ",
TAG_DELIVERY_FOR_TOUR = "Productos a añadir para provisión  ",
TAG_PRODUCT_TO_ADD_FOR_QUOTE = "Productos a añadir para oferta  ",
TAG_PRODUCT_TO_ADD_FOR_ORDER = "Pedidos a añadir para entrega  ",
TAG_PRODUCT_TO_ADD_FOR_SUPPLY = "Pedidos a añadir para ruta  ",
TAG_PRODUCT_TO_ADD_FOR_OFFER = "Entregas a añadir para ruta  ",
TAG_ORDER_TO_ADD_FOR_DELIVERY = "Productos a complementar  ",
TAG_ORDER_TO_ADD_FOR_TOUR = "Pedidos a complementar  ",
TAG_DELIVERY_TO_ADD_FOR_TOUR = "Entregas a complementar  ",
TAG_PRODUCT_TO_ADD = "Productos para palet  ",
TAG_ORDER_TO_ADD = "Añadir pedido a ruta  ",
TAG_DELIVERY_TO_ADD = "Añadir pedido  ",
TAG_PRODUCT_FOR_PALLET = "Añadir entrega  ",
TAG_ADD_ORDER_TO_TOUR = "Añadir producto  ",
TAG_ADD_ORDER = "Palet  ",
TAG_ADD_DELIVERY = "#Palet  ",
TAG_ADD_PRODUCT = "No. palet  ",
TAG_PALLET = "Nuevo palet",
TAG_PALLET_NB = "Paletas en stock  ",
TAG_PALLET_IDX = "Productos en paleta  ",
TAG_NEW_PALLET = "Paletas para producto  ",
TAG_PALLET_IN_PACKING = "Paletas para entrega  ",
TAG_PRODUCT_IN_PALLET = "Facturas para entrega  ",
TAG_PALLET_FOR_PRODUCT = "Preparación entrega  ",
TAG_PALLET_FOR_DELIVERY = "Preparación productos  ",
TAG_INVOCIE_FOR_DELIVERY = "Preparar paleta  ",
TAG_DELIVERY_PREPARATION = "Preparar entrega  ",
TAG_PRODUCT_PREPARATION = "ID de provisión  ",
TAG_PREPARE_PALLET = "Proveedor  ",
TAG_PREPARE_DELIVERY = "ID de proveedor  ",
TAG_SUPPLY_ID = "Nombre del proveedor  ",
TAG_SUPPLIER = "Provisión  ",
TAG_SUPPLIER_ID = "Fecha de presupuesto  ",
TAG_SUPPLIER_NAME = "Productos  ",
TAG_SUPPLY = "Tipo de producto  ",
TAG_SUPPLY_DATE = "Familia de producto  ",
TAG_PRODUCTS = "Familia de producto  ",
TAG_PRODUCT_TYPE = "Producto  ",
TAG_PRODUCT_FAMILY = "#Producto  ",
TAG_PRODUCT_FAMILY = "Kits  ",
TAG_PRODUCT_PRODUCT = "Componentes  ",
TAG_PRODUCT_ID_NB = "Kit de producto  ",
TAG_KITS = "Componente de producto  ",
TAG_COMPONENTS = "Detalle de pedido por producto  ",
TAG_PRODUCT_KIT = "Detalle de pedido por fecha  ",
TAG_PRODUCT_COMPONENT = "Paletas  ",
TAG_DETAIL_ORDER_PRODUCT = "Entregas  ",
TAG_DETAIL_ORDER_DATE = "Tasa de defecto  ",
TAG_PALLETS = "CA  ",
TAG_DELIVERIES = "Pedidos  ",
TAG_DEFAULT_RATES = "Facturas  ",
TAG_REVENUES = "Agregar/modificar #paquete  ",
TAG_ORDERS = "Ciudad de entrega  ",
TAG_INVOICES = "País de entrega  ",
TAG_UPDATE_PRODUCT_QUANTITY = "de la orden  ",
TAG_DELIVERY_CITY = "del cliente  ",
TAG_DELIVERY_COUNTRY = "del recorrido  ",
TAG_OF_ORDER = "para cliente  ",
TAG_OF_CLIENT = "para recorrido  ",
TAG_OF_TOUR = "para producto  ",
TAG_FOR_CLIENT = "para familia de producto  ",
TAG_FOR_TOUR = "Entrega de la orden  ",
TAG_FOR_PRODUCT = "Editar fffres del proveedor  ",
TAG_FOR_PRODUCT_FAMILY = "Modificar posición de stock  ",
TAG_ORDER_DELIVERY = "Estado del pedido  ",
TAG_EDIT_SUPPLY_OFFER = "Estado de entrada en stock  ",
TAG_UPDATE_STOCK_POSITION = "Estado del recorrido  ",
TAG_ORDER_STATE = "Estado de presupuesto  ",
TAG_PACKING_STATE = "Estado de entrega  ",
TAG_TOUR_STATE = "Estado de provisión  ",
TAG_QUOTE_STATE = "Nota de entrega  ",
TAG_DELIVERY_STATE = "Actualizar datos de cantidades  ",
TAG_SUPPLY_STATE = "Sincronizar datos de cantidades  ",
TAG_DELIVERY_NOTE = "Sincronizar direcciones de entrega  ",
TAG_CLEAN_QUANTITY_DATA = "Modificar cantidad  ",
TAG_SYNCHRONIZE_QUANTITY = "Modificar fecha de expiración  ",
TAG_SYNCHRONIZE_SITE = "Modificar comentario",
TAG_UPDATE_QUANTITY = "Modificar comentario sobre producto  ",
TAG_UPDATE_DATE_EXPD = "Crear paleta  ",
TAG_UPDATE_COMMENT = "Eliminar paleta  ",
TAG_UPDATE_COMMENT_ON_PRODUCT = "Modificar entrada en stock  ",
TAG_INSERT_PALLET = "Crear entrada en stock  ",
TAG_DELETE_PALLET = "Eliminar entrada en stock  ",
TAG_UPDATE_PACKING = "Modificar cliente  ",
TAG_INSERT_PACKING = "Crear cliente  ",
TAG_DELETE_PACKING = "Eliminar cliente  ",
TAG_UPDATE_CLIENT = "Agregar punto de entrega  ",
TAG_INSERT_CLIENT = "Eliminar punto de entrega  ",
TAG_DELETE_CLIENT = "Duplicar producto  ",
TAG_INSERT_DELIVERY_POINT = "Crear producto  ",
TAG_DELETE_DELIVERY_POINT = "Modificar producto  ",
TAG_COPY_PRODUCT = "Eliminar producto  ",
TAG_INSERT_PRODUCT = "Duplicar kit de producto  ",
TAG_UPDATE_PRODUCT = "Crear kit de producto  ",
TAG_DELETE_PRODUCT = "Modificar kit de producto  ",
TAG_COPY_PRODUCT_KIT = "Eliminar kit de producto  ",
TAG_INSERT_PRODUCT_KIT = "Modificar medida cuantitativa  ",
TAG_UPDATE_PRODUCT_KIT = "Modificar medida por pieza  ",
TAG_DELETE_PRODUCT_KIT = "Modificar órdenes  ",
TAG_UPDATE_QUANTITY_MESURE = "Orden / longitud  ",
TAG_UPDATE_MESURE_BY_PIECE = "Orden / ancho  ",
TAG_UPDATE_ORDERS = "Orden / altura  ",
TAG_LENGTH_ORDER = "Orden / profundidad  ",
TAG_WIDTH_ORDER = "Longitud por pieza  ",
TAG_HEIGHT_ORDER = "Ancho por pieza  ",
TAG_DEPTH_ORDER = "Altura por pieza  ",
TAG_LENGTH_PIECE = "Profundidad por pieza  ",
TAG_WIDTH_PIECE = "Volumen por pieza  ",
TAG_HEIGHT_PIECE = "Modificar familia  ",
TAG_DEPTH_PIECE = "Duplicar familia  ",
TAG_VOLUME_PIECE = "Crear familia  ",
TAG_UPDATE_FAMILTY = "Eliminar familia  ",
TAG_COPY_FAMILTY = "Duplicar presupuesto  ",
TAG_INSERT_FAMILTY = "Crear presupuesto  ",
TAG_DELETE_FAMILTY = "Modificar presupuesto  ",
TAG_COPY_QUOTE = "Eliminar presupuesto  ",
TAG_INSERT_QUOTE = "Imprimir presupuesto  ",
TAG_UPDATE_QUOTE = "Modificar fecha de entrega  ",
TAG_DELETE_QUOTE = "Duplicar pedido  ",
TAG_PRINT_QUOTE = "Crear pedido  ",
TAG_UPDATE_DELIVERY_DATE = "Modificar pedido  ",
TAG_COPY_ORDER = "Eliminar pedido  ",
TAG_INSERT_ORDER = "Editar pedido  ",
TAG_UPDATE_ORDER = "Duplicar ruta  ",
TAG_DELETE_ORDER = "Crear ruta  ",
TAG_EDIT_ORDER = "Modificar ruta  ",
TAG_COPY_TOUR = "Eliminar ruta  ",
TAG_INSERT_TOUR = "Duplicar entrega  ",
TAG_UPDATE_TOUR = "Crear entrega  ",
TAG_DELETE_TOUR = "Modificar entrega",
TAG_COPY_DELIVERY = "Eliminar entrega  ",
TAG_INSERT_DELIVERY = "Duplicar provisión  ",
TAG_UPDATE_DELIVERY = "Crear provisión  ",
TAG_DELETE_DELIVERY = "Modificar provisión  ",
TAG_COPY_SUPPLY = "Eliminar provisión  ",
TAG_INSERT_SUPPLY = "Duplicar estado de pedido  ",
TAG_UPDATE_SUPPLY = "Crear estado de pedido  ",
TAG_DELETE_SUPPLY = "Modificar estado de pedido  ",
TAG_COPY_ORDER_STATE = "Eliminar estado de pedido  ",
TAG_INSERT_ORDERR_STATE = "Duplicar factura  ",
TAG_UPDATE_ORDERR_STATE = "Crear factura  ",
TAG_DELETE_ORDERR_STATE = "Modificar factura  ",
TAG_COPY_INVOICE = "Eliminar factura  ",
TAG_INSERT_INVOICE = "Crear estado  ",
TAG_UPDATE_INVOICE = "Modificar estado  ",
TAG_DELETE_INVOICE = "ID de pedido  ",
TAG_INSERT_STATE = "ID de presupuesto  ",
TAG_UPDATE_STATE = "ID de detalle de pedido  ",
TAG_ORDER_ID = "Imprimir proforma  ",
TAG_QUOTE_ID = "Imprimir confirmación de pedido  ",
TAG_ORDER_PRODUCT_ID = "Imprimir bono de pedido  ",
TAG_PRINT_PROFORMA = "Imprimir etiqueta de paleta  ",
TAG_PRINT_ORDER_AGREEMENT = "Imprimir hoja de preparación  ",
TAG_PRINT_ORDER_FORM = "Imprimir bono de entrega  ",
TAG_PRINT_PALLET_SHEET = "Imprimir factura  ",
TAG_PRINT_DELIVERY_SHEET = "Imprimir hoja de ruta  ",
TAG_PRINT_DELIVERY_NODE = "Poner productos en embalaje  ",
TAG_PRINT_INVOICE = "Poner productos en paleta  ",
TAG_PRINT_ROTUE_SHEET = "Poner en pedido  ",
TAG_SET_PRODUCT_TO_PACKING = "Poner en entrega  ",
TAG_SET_PRODUCT_TO_PALLET_IDX = "Editar presupuesto  ",
TAG_SET_QUOTE_TO_ORDER = "Editar detalle de presupuesto  ",
TAG_SET_ORDER_TO_DELIVERY = "Editar detalle de factura  ",
TAG_EDIT_QUOTE = "Carga de camión (peso)  ",
TAG_EDIT_DETAIL_QUOTE = "Carga de camión (cantidad)  ",
TAG_EDIT_DETAIL_INVOICE = "Carga de camión (volumen)  ",
TAG_HISTOGRAM_VEHICLE_WEIGHT = "Costo de camión  ",
TAG_HISTOGRAM_VEHICLE_QUANTITY = "Receta de camión  ",
TAG_HISTOGRAM_VEHICLE_VOLUME = "Beneficio de camión  ",
TAG_HISTOGRAM_VEHICLE_COST = "Carga de ruta (peso)  ",
TAG_HISTOGRAM_VEHICLE_RECEIPTS = "Carga de ruta (cantidad)  ",
TAG_HISTOGRAM_VEHICLE_PROFIT = "Carga de ruta (volumen)  ",
TAG_HISTOGRAM_TOUR_WEIGHT = "Histograma CA  ",
TAG_HISTOGRAM_TOUR_QUANTITY = "Crear  ",
TAG_HISTOGRAM_TOUR_VOLUME = "Modificar  ",
TAG_HISTOGRAM_REVENUE = "Duplicar  ",
TAG_INSERT = "Eliminar  ",
TAG_UPDATE = "ID de ruta  ",
TAG_COPY = "Seleccionar  ",
TAG_DELETE = "Deseleccionar  ",
TAG_TOUR_ID = "Impreso el  ",
TAG_SELECT = "Impreso el {/*DATA1.3*/}",
TAG_DESELECT = "Período : {/*DATA1.2*/}",
TAG_PRINTED = "Año :   de {/*DATA1.1*/} a {/*DATA1.2*/}",
TAG_PRINT_DATE = "Mes :   de {/*DATA1.1*/} a {/*DATA1.2*/}",
TAG_PRINT_PERIOD = "Semana :   de {/*DATA1.1*/} a {/*DATA1.2*/}",
TAG_PRINT_YEAR = "Nombre y apellido : {/*DATA1.4*/}",
TAG_PRINT_MONTH = "página {/*PAGENUM*/}/{/*PAGECOUNT*/}",
TAG_PRINT_WEEK = "Ref. Ficha Informe de Obra",
TAG_PRINT_FULLNAME = "Detalle de Actividades Anexas",
TAG_PRINT_PAGE = "Después de 2 horas de conducción consecutivas, el conductor y el pasajero están al 100%",
TAG_PRINT_SITE_REF = "Horas nocturnas de 21h a 6h",
TAG_ACTIVITY_ANNEXE = "Depósito : especificar mantenimiento/preparación de obra ... en Comentarios",
TAG_ROUTETIME_NOTE = "Estado de presencia de los obreros",
TAG_NIGHTTIME_NOTE = "Hormigón proyectado",
TAG_DEPOT_NOTE = "Informe de Ausencia Anual",
TAG_PRESENCE_NOTE = "Informe de Actividad Mensual",
TAG_PROJECT_NOTE = "Informe de Actividad Semanal",
TAG_ABSENCE_YEAR_TITLE = "Informe de Actividad Anual",
TAG_REPORT_MONTH_TITLE = "Ausencia no declarada",
TAG_REPORT_WEEK_TITLE = "Ausente",
TAG_REPORT_YEAR_TITLE = "JT",
TAG_UNDECLARED_ABSENCE = "Tasa de ausencia / días laborables",
TAG_ABSENCED = "Productos cliente",
TAG_PRINT_JT = "Asunto",
TAG_PRINT_ABSENCE_NOTE = "Tiempo de",
TAG_CLIENT_PRODUCT = "Días",
TAG_PRINT_OBJECT = "de días",
TAG_PRINT_TIMEOF = "de noche",
TAG_PRINT_DAY = "Descanso",
TAG_PRINT_OFDAY = "Conducción",
TAG_PRINT_OFNIGHT = "Pasajero",
TAG_PRINT_BREAK = "Personal",
TAG_PRINT_DRIVED = "Grandes",
TAG_PRINT_PASSENGER = "Canasta",
TAG_PRINT_PERSON = "C.P.",
TAG_PRINT_GRD = "Cliente/Obra",
TAG_PRINT_BASKET = "Comentarios :",
TAG_PRINT_CP = "FOR",
TAG_PRINT_CLIENTSITE = "Perforación",
TAG_PRINT_COMMENT = "INJ",
TAG_FORAGE = "Inyección",
TAG_FORAGE_NOTE = "SCI",
TAG_INJECTION = "Sierra",
TAG_INJECTION_NOTE = "BPJ",
TAG_SCI = "SCA",
TAG_SCI_NOTE = "Buzo",
TAG_BPJ = "RFT",
TAG_SCA = "Refuerzo",
TAG_SCA_NOTE = "DIAG",
TAG_RFT = "Diagnóstico",
TAG_RFT_NOTE = "MPX",
TAG_DIAG = "Micropilotes",
TAG_DIAG_NOTE = "Montos en Letras y Observaciones :",
TAG_MPX = "Planificación provisional por mes",
TAG_MPX_NOTE = "iD vehículo",
TAG_MLO_NOTE = "ID",
TAG_ABSENCE_TITLE = "Nombre",
TAG_VEHICLE_ID = "Tipo",
TAG_ID = "Franja horaria",
TAG_NAME = "Tiempo",
TAG_TYPE = "Tiempo",
TAG_SLOT = "Tiempo inicial  ",
TAG_TIME = "Tiempo mostrado  ",
TAG_T0 = "Unidad de tiempo  ",
TAG_INIT_TIME = "Tiempo de tarea  ",
TAG_POST_TIME = "Tiempo de recurso  ",
TAG_UNIT_TIME = "Tiempo prolongado  ",
TAG_TASK_TIME = "Recurso  ",
TAG_RESOURCE_TIME = "Grupo de recurso  ",
TAG_EXTENDED_TIME = "Tipo de recurso  ",
TAG_RESOURCE = "franja horaria diaria  ",
TAG_RESOURCE_GROUP = "Categoría de recurso  ",
TAG_RESOURCE_TYPE = "Directorio  ",
TAG_RESOURCE_SHIFT = "Archivado  ",
TAG_RESOURCE_CATEGORY = "Fecha  ",
TAG_DIRECTORY = "Hora  ",
TAG_ARCHIVED = "Longitud  ",
TAG_DATE = "Latitud  ",
TAG_HOUR = "KM  ",
TAG_LONGITUDE = "Evento  ",
TAG_LATITUDE = "Trabajo  ",
TAG_KM = "Tarea  ",
TAG_EVENT = "Franja horaria  ",
TAG_JOB = "Tipo de franja horaria  ",
TAG_TASK = "Día  ",
TAG_SHIFT = "Alias  ",
TAG_SHIFT_TYPE = "Leyenda  ",
TAG_DAY = "Empleador  ",
TAG_ALIAS = "Creación  ",
TAG_LEGEND = "Crear celda  ",
TAG_EMPLOYER = "Editar tarea  ",
TAG_INSERTION = "Editar ausencia  ",
TAG_INSERT_CELL = "Editar actividad  ",
TAG_EDIT_TASK = "Editar evento  ",
TAG_EDIT_ABSENCE = "Una fecha del mes  ",
TAG_EDIT_ACTIVITY = "Una fecha del año  ",
TAG_EDIT_EVENT = "Alerta  ",
TAG_A_MONTH_DATE = "Marcajes ausentes  ",
TAG_A_YEAR_DATE = "Duplicado  ",
TAG_ALERT = "Alerta duplicado  ",
TAG_ABSENCE_ALERT = "Alerta fechas inválidas  ",
TAG_DUPLICATE = "Comentario  ",
TAG_DUPLICATE_ALERT = "Comentario adicional  ",
TAG_DATE_ALERT = "Contrato  ",
TAG_COMMENT = "Nombre  ",
TAG_COMMENT2 = "Apellido  ",
TAG_CONTRACT = "Título  ",
TAG_LAST_NAME = "Nacionalidad  ",
TAG_FIRST_NAME = "Tarjeta de ID  ",
TAG_TITLE = "Método de pago  ",
TAG_NATIONALITY = "Fecha de pago  ",
TAG_ID_CARD = "Seguridad social  ",
TAG_PAYMENT_METHOD = "Teléfono  ",
TAG_PAYMENT_DATE = "Móvil  ",
TAG_SOCIAL_SECURITY = "Agencia  ",
TAG_PHONE = "Capital  ",
TAG_MOBILE = "RCS  ",
TAG_AGENCY = "SIREN  ",
TAG_CAPITAL = "Código de actividad  ",
TAG_REGISTRY = "Referencia  ",
TAG_CODEBUSINESS = "Proyecto  ",
TAG_ACTIVITY_CODE = "Lote  ",
TAG_REFERENCE = "Seleccionado  ",
TAG_PROJECT = "Fecha de entrada  ",
TAG_BATCH = "Fecha de pedido  ",
TAG_SELECTED = "Fecha límite  ",
TAG_DATE_INPUT = "Fecha de pago  ",
TAG_DATE_ORDER = "Fecha de entrada  ",
TAG_DATE_LIMIT = "Fecha de validación  ",
TAG_DATE_FEE = "Fecha de oferta  ",
TAG_DATE_PACKING = "Fecha de salida  ",
TAG_DATE_VALIDITY = "Fecha de expiración  ",
TAG_DATE_OFFER = "Factura  ",
TAG_DATE_START = "Detalle de factura  ",
TAG_DATE_EXPD = "Estado  ",
TAG_INVOICE = "Código de barras  ",
TAG_INVOICE_PRODUCT = "Código QR  ",
TAG_STATE = "Monto sin IVA (€)  ",
TAG_BARCODE = "IVA (€)  ",
TAG_QRCODE = "Total con IVA (€)  ",
TAG_AMOUNT_HT = "IVA (%)  ",
TAG_AMOUNT_VAT = "Anticipo  ",
TAG_AMOUNT_TOTAL = "Reembolso  ",
TAG_VAT = "Prima excepcional  ",
TAG_ADVANCE_PAYMENT = "Prima fin de año",
TAG_REIMBURSEMENT = "Prima sábado  ",
TAG_BONUS = "Prima riesgo  ",
TAG_BONUS_YEAR = "Registro de detención  ",
TAG_BONUS_SATURDAY = "Retención diversa al neto  ",
TAG_BONUS_RISk = "#Desplazamiento París  ",
TAG_GARNISHMENT = "#Desplazamiento extranjero  ",
TAG_DEDUCTION = "#Almuerzo París  ",
TAG_TRIPCRITICAL_NB = "#Almuerzo extranjero  ",
TAG_TRIPFOREIGN_NB = "#Noche París  ",
TAG_LUNCHCRITICAL_NB = "#Noche extranjero  ",
TAG_LUNCHFOREIGN_NB = "Cobrar para entregar  ",
TAG_NIGHTCRITICAL_NB = "Cobrar todo lo posible para entregar  ",
TAG_NIGHTFOREIGN_NB = "Cancelar cobro  ",
TAG_PICK_FOR_DELIVERY = "N° Lote  ",
TAG_PICK_ALL_FOR_DELIVERY = "Fecha de entrega  ",
TAG_CANCEL_PICK_FOR_DELIVERY = "Seguimiento por  ",
TAG_LOT_NO = "Producto  ",
TAG_DELIVERY_DATE = "Realización  ",
TAG_FOLLOWED_BY = "Stock  ",
TAG_PRODUCT = "Alerta de stock  ",
TAG_PRODUCT_CONDITION = "Informe de stock  ",
TAG_STOCK = "Stock de seguridad  ",
TAG_STOCK_ALERT = "Capacidad mínima de stock  ",
TAG_STOCK_REPORT = "Capacidad máxima de stock  ",
TAG_STOCK_MIN = "Profundidad  ",
TAG_STOCK_MIN_UNIT = "Adquisición  ",
TAG_STOCK_MAX_UNIT = "Tiempo mínimo  ",
TAG_DEPTH = "Peso unidad  ",
TAG_PURCHASE = "Longitud unidad  ",
TAG_TIME_MIN = "Anchura unidad  ",
TAG_WEIGHT_UNIT = "Profundidad unidad  ",
TAG_LENGTH_UNIT = "Volumen unidad  ",
TAG_WIDTH_UNIT = "Índice  ",
TAG_HEIGHT_UNIT = "Archivo a subir:  ",
TAG_VOLUME_UNIT = "Archivo a descargar:  ",
TAG_ORD = "Copiar el nombre del archivo a continuación para exportar a EXCEL:  ",
TAG_UPLOAD_FILE = "Hoy  ",
TAG_DOWNLOAD_FILE = "Mañana  ",
TAG_COPY_FILE = "ID banco  ",
TAG_TODAY = "Nombre banco  ",
TAG_TOMORROW = "Cliente  ",
TAG_BANK_ID = "SIRET  ",
TAG_BANK_NAME = "Número de IVA  ",
TAG_CLIENT = "Cuenta bancaria  ",
TAG_ESTABLISHMENT = "Fax  ",
TAG_TAX_CODE = "Email  ",
TAG_BANK_ACCOUNT = "Dirección2  ",
TAG_FAX = "Dirección de entrega  ",
TAG_EMAIL = "Ciudad de entrega  ",
TAG_ADDRESS2 = "Dirección de facturación  ",
TAG_DELIVERY_ADDRESS = "Dirección adicional de facturación  ",
TAG_DELIVERY_CITY = "Ausencia  ",
TAG_INVOICE_ADDRESS = "Duración  ",
TAG_INVOICE_ADDRESS2 = "Extensión  ",
TAG_ABSENCE = "Días ausentes  ",
TAG_DURATION = "Días laborables  ",
TAG_EXTENSION = "Exceso H sup  ",
TAG_ABSENT_DAYS = "H de noche  ",
TAG_WORK_DAYS = "H de día  ",
TAG_OVERTIME_EXCESS = "Tiempo de pausa  ",
TAG_NIGHTTIME = "Tiempo de conducción  ",
TAG_DAYTIME = "Tiempo de pasajero  ",
TAG_BREAKTIME = "H sup  ",
TAG_DRIVINGTIME = "H festivo  ",
TAG_ROUTETIME = "KM  ",
TAG_OVERTIME = "H/día  ",
TAG_HOLIDAYTIME = "H/semana  ",
TAG_DRIVINGKM = "H sup semana  ",
TAG_DAY_TIME = "Contador H  ",
TAG_WEEK_TIME = "Máx H sup semana  ",
TAG_RESERVED_TIME = "Máx contador H",
TAG_RESERVED_YEAR = "#Día anual",
TAG_MAX_WEEK_RESERVEDTIME = "Gastos de transporte",
TAG_MAX_YEAR_RESERVEDTIME = "Tiempo de transporte",
TAG_YEAR_DAY_NUMBER = "Vehículo personal",
TAG_TRANSPORT_COST = "Carrito",
TAG_TRANSPORT_TIME = "Ausencias",
TAG_TRANSPORT_SUBSIDY = "Planificación de personal",
TAG_MEAL_SUBSIDY = "Planificación de proyecto",
TAG_RESOURCE_ABSENCE = "Actividad",
TAG_RESOURCE_TASK = "Actividades diarias",
TAG_PROJECT_TASK = "Actividades semanales",
TAG_ACTIVITY = "Actividades mensuales",
TAG_RESOURCE_DATE = "Tipo de tarea",
TAG_RESOURCE_WEEK = "Tipo de desplazamiento",
TAG_RESOURCE_MONTH = "Tipo de riesgo",
TAG_PROCESS_TYPE = "Riesgo",
TAG_TRIP_TYPE = "Fecha de inicio",
TAG_RISK_TYPE = "Fecha de fin",
TAG_RISK = "#Día trabajado",
TAG_DATE1 = "#Almuerzo",
TAG_DATE2 = "#Desplazamiento",
TAG_WORKDAY_NB = "#Noche",
TAG_LUNCH_NB = "#Sábado",
TAG_TRIP_NB = "#Riesgo",
TAG_NIGHT_NB = "Tipo de camión",
TAG_SATURDAY_NB = "Almuerzo",
TAG_RISK_NB = "Almuerzo (€)",
TAG_VEHICLE_TYPE = "Costo de utensilios",
TAG_LUNCH = "Costo de noche (€)",
TAG_LUNCH_COST = "Costo de día (€)",
TAG_TOOL_COST = "Costo de paleta",
TAG_NIGHT_COST = "Costo por unidad KM",
TAG_DAY_COST = "Tiempo fijado",
TAG_UNIT_COST = "Tiempo de carga",
TAG_KILOMETER_COST = "Unidad de tiempo de carga",
TAG_FIXED_TIME = "Unidad de tiempo de descarga",
TAG_LOADING_TIME = "Tipo de recurso",
TAG_UNIT_LOADING_TIME = "Tasa",
TAG_UNIT_UNLOADING_TIME = "Tasa de tiempo",
TAG_TYPERESOURCE = "Color",
TAG_RATIO = "Tipo de hoja",
TAG_TIME_RATIO = "En capacidad paralela",
TAG_COLOR = "Categoría de recurso",
TAG_SHEET_TYPE = "Cronología",
TAG_CAPACITATED = "En capacidad paralela",
TAG_RESOURCE_CATEGORY = "En capacidad secuencial",
TAG_TIMELINED = "En capacidad por stock",
TAG_CAPACITATED_PARELLELY = "Usuario",
TAG_CAPACITATED_SEQUENTIALLY = "Usuarios en línea",
TAG_CAPACITATED_STOCK = "Contraseña",
TAG_USER = "Modificar contraseña",
TAG_ONLINE_USER = "Contraseña actual",
TAG_PASSWORD = "Nueva contraseña",
TAG_UPDATE_PASSWORD = "Confirmar contraseña",
TAG_CURRENT_PASSWORD = "Calendario",
TAG_NEW_PASSWORD = "Festivo",
TAG_CONFIRM_PASSWORD = "FERIADO",
TAG_CALENDAR = "Semana",
TAG_HOLIDAY = "Sem",
TAG_HOLIDAY_CAPITAL = "Tot",
TAG_WEEK = "TT",
TAG_WK = "HS",
TAG_TOT = "C.H",
TAG_WT = "Día",
TAG_OT = "Vacaciones pagadas",
TAG_RT = "Resumen de Trabajo",
TAG_WEEKDAY = "Tabla de estado",
TAG_PAID_ABSENCE = "Resultado del cálculo",
TAG_EVENT_SYNTHESIS = "Alerta",
TAG_TABLE_STATE = "Tabla de divisiones",
TAG_TABLE_RESULT = "Tabla de contratos",
TAG_TABLE_ALERT = "Tabla de clientes  ",
TAG_TABLE_CLUB = "Tabla de agencias  ",
TAG_TABLE_CONTRACT = "Tabla de calendario  ",
TAG_TABLE_CLIENT = "Tabla de franjas horarias  ",
TAG_TABLE_AGENCY = "Hoja de tiempo  ",
TAG_TABLE_CALENDAR = "Tabla de proyectos  ",
TAG_TABLE_SHIFT = "Tabla de productos  ",
TAG_TABLE_EVENT = "Tabla de empleadores  ",
TAG_TABLE_PROJECT = "Tipo de ausencias  ",
TAG_TABLE_PRODUCT = "Tipo de tareas  ",
TAG_TABLE_EMPLOYER = "Tipo de desplazamientos  ",
TAG_TABLE_TYPEABSENCE = "Tipo de riesgo  ",
TAG_TABLE_TYPEPREOCESS = "Tipo de hojas  ",
TAG_TABLE_TYPETRIP = "Tabla de recursos  ",
TAG_TABLE_TYPERISK = "Hoja de tiempo  ",
TAG_TABLE_TYPESHEET = "Tabla personal  ",
TAG_TABLE_RESOURCE = "Control de horas  ",
TAG_TABLE_RESOURCE_TIMER = "Horarios de trabajo personalizados  ",
TAG_TABLE_PERSONNEL = "Ausencias  ",
TAG_TABLE_TIMESHEET = "Actividades diarias  ",
TAG_TABLE_RESOURCE_SHIFT = "Tabla de planificación  ",
TAG_TABLE_RESOURCE_ABSENCE = "Balance general  ",
TAG_TABLE_RESOURCE_DATE = "Tablero de control de tasa de defectos  ",
TAG_TABLE_RESOURCE_TASK = "Balance general  ",
TAG_TABLE_BALANCE_SHEET = "Cantidades mensuales  ",
TAG_TABLE_DEFAULT_RATE = "Peso mensual  ",
TAG_BALANCE_SHEET = "CA mensual producto  ",
TAG_BALANCE_QUANTITY = "CA mensual familia de producto  ",
TAG_BALANCE_WEIGHT = "CA mensual cliente  ",
TAG_BALANCE_REVENUE_PRODUCT = "CA en un año móvil  ",
TAG_BALANCE_REVENUE_FAMILY = "Previsión de ventas  ",
TAG_BALANCE_REVENUE_CLIENT = "Previsión de ventas (cantidad)  ",
TAG_BALANCE_REVENUE_1_YEAR = "Previsión de evolución de precios  ",
TAG_SALES_PREVISION = "Previsión de evolución de necesidades  ",
TAG_SALES_PREVISION_QUANTITY = "Previsión  ",
TAG_SALES_PREVISION_PRICE = "Actual  ",
TAG_SALES_PREVISION_DEMAND = "Tarjeta de vehículo  ",
TAG_PREVISION = "Tarjeta de ruta  ",
TAG_CURRENT = "Parámetros de cálculo  ",
TAG_MAP_RESOURCE = "Tabla de usuarios  ",
TAG_MAP_RESOURCE_TOUR = "Diario del trabajo  ",
TAG_TABLE_CONFIG = "Dirección de entrega  ",
TAG_TABLE_USER = "Camión  ",
TAG_TABLE_LOG = "Diagrama de vehículo  ",
TAG_TABLE_SITE = "Diagrama de ruta  ",
TAG_TRUCK = "Seguimiento de vehículo  ",
TAG_CHART_VEHICLE = "Matriz de distancias  ",
TAG_CHART_TOUR = "Mapa de sitios  ",
TAG_TABLE_FEEDBACK = "Mapa de seguimiento de camiones  ",
TAG_TABLE_SITE_SITE = "Tasa de cantidad  ",
TAG_MAP_SITE = "Tasa de peso  ",
TAG_MAP_RESOURCE_FEEDBACK = "Tasa de volumen  ",
TAG_QUANTITY_RATE = "{Lun,Mar,Mié,Jue,Vie,Sáb,Dom}  ",
TAG_WEIGHT_RATE = "{Ene,Feb,Mar,Abr,May,Jun,Jul,Ago,Sep,Oct,Nov,Dic}",
TAG_VOLUME_RATE = ": Ventana de Tiempo de Orden Fuera del Horizonte",
TAG_WEEK_SET = ": restricción de grupo de trabajo acoplada violada",
TAG_MONTH_SET = ": restricción de franja horaria acoplada violada",
TAG_ORDER_TIME_WIN_NOT_IN_HORIZON = ": restricción de tipo de franja horaria acoplada violada",
TAG_COUPLED_RESOURCE_GROUP_CONSTRAINT_VIOLATED = ": restricción de recurso acoplada violada",
TAG_COUPLED_SHIFT_CONSTRAINT_VIOLATED = ": restricción de tipo de recurso acoplada violada",
TAG_COUPLED_SHIFT_TYPE_CONSTRAINT_VIOLATED = ": restricción de tipo de sitio acoplada violada",
TAG_COUPLED_RESOURCE_CONSTRAINT_VIOLATED = ": restricción de sitio acoplada violada",
TAG_COUPLED_RESOURCE_TYPE_CONSTRAINT_VIOLATED = ": restricción de tarea acoplada violada",
TAG_COUPLED_SITE_TYPE_CONSTRAINT_VIOLATED = ": restricción de recurso violada",
TAG_COUPLED_SITE_CONSTRAINT_VIOLATED = "ID tipo de recurso",
TAG_COUPLED_TASK_VIOLATED = "Nombre tipo de recurso",
TAG_RESOURCE_CONSTRAINT_VIOLATED = "Alineación",
TAG_RESOURCE_TYPE_ID = "Imprimir informe semanal",
TAG_RESOURCE_TYPE_NAME = "Editar datos diarios",
TAG_ALIGNMENT = "Rechazar datos diarios",
TAG_PRINT_WEEKLY_REPORT = "Rechazar ausencias",
TAG_EDIT_RESOURCE_DATE = "Confirmar los datos diarios",
TAG_REJECT_RESOURCE_DATE = "Calcular datos diarios",
TAG_REJECT_RESOURCE_ABSENCE = "Calcular datos semanales",
TAG_CONFIRM_TO_DAILY_ACTIVITY = "Calcular datos mensuales",
TAG_GENERATE_DAILY_DATA = "Exportar datos mensuales",
TAG_GENERATE_WEEKLY_DATA = "Calcular informe mensual",
TAG_GENERATE_MONTHLY_DATA = "Imprimir informe mensual",
TAG_EXPORT_MONTHLY_DATA = "Exportar informe mensual",
TAG_GENERATE_MONTHLY_REPORT = "Mostrar actividades históricas",
TAG_PRINT_MONTHLY_REPORT = "Mostrar ausencias históricas",
TAG_EXPORT_MONTHLY_REPORT = "seleccione un periodo",
TAG_DISPLAY_DAILY_ACTIVITY = "del mes o no archivado",
TAG_DISPLAY_ABSENCE = "Diagrama",
TAG_SELECT_PERIOD = "Tabla dinámica de personal",
TAG_OF_THIS_MONTH_OR_NOT_ARCHIVED = "Año",
TAG_CHART = "Mes",
TAG_PIVOT_TABLE = "Tabla dinámica de personal",
TAG_YEAR = "Descanso para el almuerzo",
TAG_MONTH = "Vehículo Persona",
TAG_RESOURCE_PIVOT = "Grd Dép",
TAG_LUNCHTIME = "Recuperar",
TAG_PERSONAL_VEHICLE = "Comentario: Ref ficha de cuenta de progreso de la obra y/o detalle de actividades adicionales",
TAG_GRDDEP = "Duración en número de horas",
TAG_RECUP = "LIBELLE_JOUR",
TAG_COMMENT_REF = "H.J",
TAG_DURATION_HOUR = "H.N",
TAG_LIBELLE_JOUR = "C 100%",
TAG_HJ = "P 50 %",
TAG_HN = "MAL.AT",
TAG_DT = "Prima",
TAG_ROUTET = "Salario / INTERINO",
TAG_MALAT = "Comida",
TAG_BONUS_SIMPLE = "IND KM",
TAG_SI = "Histograma de Recursos",
TAG_MEAL = "Histograma de tiempo",
TAG_IND_KM = "Histograma de tarea",
TAG_HISTOGRAM_RESOURCE = "Proyectos",
TAG_HISTOGRAM_RESOURCE_TIME = "Recursos",
TAG_HISTOGRAM_RESOURCE_TASK = "ID padre",
TAG_CHART_PROJECT = "Sucesor",
TAG_CHART_RESOURCE = "Los días de trabajo no son disjuntos para",
TAG_PARENT_ID = "Importar",
TAG_SUCCESOR = "Exportar",
TAG_SHIFT_DAYS_NOT_DISJOINT_FOR_RESOURCE = "Imprimir",
TAG_IMPORT = "Editar",
TAG_EXPORT = "Rechazar",
TAG_PRINT = "Confirmar",
TAG_EDIT = "Suma HJ+IN",
TAG_REJECT = "Suma NOCHE PARÍS",
TAG_CONFIRM = "Suma NOCHE Provincia",
TAG_NIGHTTIME_SUM = "Suma C 100%",
TAG_NIGHTTIME1_SUM = "Suma P 50%",
TAG_NIGHTTIME2_SUM = "Suma IND KM",
TAG_DRIVINGTIME_SUM = "Suma COMIDA",
TAG_ROUTETIME_SUM = "Suma COMIDA GD",
TAG_KM_SUM = "Suma ENFERMEDAD",
TAG_LUNCHNB_SUM = "Tiempo de trabajo registrado para",
TAG_BIGTRIP_LUNCHNB_SUM = "Generar Actividades diarias",
TAG_ILLNESS_SUM = "error de palabra clave en el búfer en",
TAG_WORKTIME_WRITTEN_FOR_RESOURCE = "error de subíndices en el búfer en",
TAG_COMPUTE_WORKTIME = "error de argumento en el búfer en",
TAG_KEYWORD_ERROR_BUFFER = "error de sintaxis en el búfer en",
TAG_SUBSCRIPT_ERROR_BUFFER = "error de sintaxis en el campo de la base de datos en",
TAG_ARGUMENT_ERROR_BUFFER = "error de sintaxis en el archivo en",
TAG_SYNTAX_ERROR_BUFFER = "Error de sintaxis alrededor de",
TAG_SYNTAX_ERROR_DB_FIELD = "Error de palabra clave alrededor de",
TAG_SYNTAX_ERROR_FILE = "Error de subíndices en",
TAG_SYNTAX_ERROR_AT = "Error de argumento alrededor de",
TAG_KEYWORD_ERROR_AT = "Error de celda:",
TAG_SUBSCRIPT_ERROR_AT = "Error de tipo:",
TAG_ARGUMENT_ERROR_AT = "Fallo:",
TAG_CELL_ERROR = "Error de fórmula:",
TAG_TYPE_ERROR = "Error de selección",
TAG_FAILURE = "Ausencia no modificable",
TAG_FORMULA_FAILURE = "Día festivo no modificable",
TAG_SELECTION_ERROR = "Error de entrada:",
TAG_ABSENCE_NOT_MIDIFIABLE = "tipificado a",
TAG_HOLIDAY_NOT_MIDIFIABLE = "ID de fórmula inválido:",
TAG_TYPING_ERROR = "Número desconocido:",
TAG_TYPED_TO = "Conjunto desconocido:",
TAG_FORMULA_ID_INVALID = "XXXXXX",
TAG_UNINSTANTIATED_NUM = "ID de división está vacío",
TAG_UNINSTANTIATED_SET = "Depósito",
TAG_UNKNOWN = "#Cliente",
TAG_IDCLUB_ID_CANNOT_BE_NULL = "Tiempo de trabajo",
TAG_DEPOT = "Duración",
TAG_CLIENT_NB = "Beneficio",
TAG_WORKTIME = "Costo",
TAG_MAKESPAN = "KM",
TAG_PROFIT = "Tiempo de trabajo",
TAG_COST = "Duración total",
TAG_MILEAGE = "#Vehículo",
TAG_WORKTIME_SUM = "#Ruta",
TAG_MAKESPAN_SUM = "Distancia (metros)",
TAG_RESOURCE_NB = "Tiempo (segundos)",
TAG_TOUR_NB = "Distancia",
TAG_DISTANCE_m = "Hoja de ruta",
TAG_TIME_s = "Mapa",
TAG_DISTANCE = "Diagrama",
TAG_ROUTE_SHEET = "Histograma",
TAG_MAP = "Pedido",
TAG_GANTT_CHART = "Sector",
TAG_HISTOGRAM = "Zona",
TAG_ORDER = "Lugar",
TAG_SECTOR = "10K",
TAG_ZONE = "Kilómetro",
TAG_SITE = "No. de ruta",
TAG_UNIT_VALUE = "Ruta",
TAG_UNIT_MILEAGE = "Fecha de ruta",
TAG_TOUR_IDX = "Orden de paso",
TAG_TOUR = "#Pedido",
TAG_TOUR_DATE = "#Pedido",
TAG_ORDER_ORD = "Pedidos clave",
TAG_ORDER_NB = "Dirección",
TAG_PROJECT_NB = "ID del sitio",
TAG_KEY_ORDER = "Nombre del sitio",
TAG_ADDRESS = "Lugar conocido",
TAG_SITE_ID = "Dirección de la calle",
TAG_SITE_NAME = "Ciudad",
TAG_SITE_NOTE = "País",
TAG_STREET = "Código postal",
TAG_CITY = "Cantidad de pedido",
TAG_COUNTRY = "Cantidad en stock",
TAG_POSTCODE = "Peso en stock",
TAG_ORDER_QUANTITY = "Costo en stock",
TAG_STOCK_QUANTITY = "Cantidad en tránsito",
TAG_STOCK_WEIGHT = "Peso en tránsito",
TAG_STOCK_COST = "Costo en tránsito",
TAG_TRANSIT_QUANTITY = "Cantidad en entrega",
TAG_TRANSIT_WEIGHT = "Peso en entrega",
TAG_TRANSIT_COST = "Costo en entrega",
TAG_DELIVERY_QUANTITY = "X",
TAG_DELIVERY_WEIGHT = "Y",
TAG_DELIVERY_COST = "Agregar",
TAG_X = "Receta",
TAG_Y = "Distancia",
TAG_ADD = "Aceptar",
TAG_RECEIPTS = "Mover",
TAG_SITE_SITE = "Tabla",
TAG_ACCEPT = "Aceptar Proyecto",
TAG_MOVE = "Aceptar Vehículo",
TAG_TABLE = "Agregar Proyecto",
TAG_ACCEPT_PROJECT = "Agregar Vehículo",
TAG_ACCEPT_RESOURCE = "Eliminar Proyecto",
TAG_ADD_PROJECT = "Eliminar Vehículo",
TAG_ADD_RESOURCE = "Editar Proyecto",
TAG_DELETE_PROJECT = "Editar Cliente",
TAG_DELETE_RESOURCE = "Editar Vehículo",
TAG_EDIT_PROJECT = "Modificar Vehículo",
TAG_EDIT_CLIENT = "Mover Proyecto",
TAG_EDIT_RESOURCE = "Rechazar Proyecto",
TAG_UPDATE_RESOURCE = "Rechazar Vehículo",
TAG_MOVE_PROJECT = "No proforma",
TAG_REJECT_PROJECT = "No factura  ",
TAG_REJECT_RESOURCE = "Fecha de factura  ",
TAG_PROFORMA_ID = "Presupuesto  ",
TAG_INVOICE_ID = "Detalle del presupuesto  ",
TAG_INVOICE_DATE = "No entrega  ",
TAG_QUOTE = "Nombre de entrega  ",
TAG_QUOTE_PRODUCT = "Código postal de entrega  ",
TAG_DELIVERY_ID = "Dirección adicional de entrega  ",
TAG_DELIVERY_NAME = "Punto de entrega  ",
TAG_DELIVERY_PC = "Tiempo de entrega  ",
TAG_DELIVERY_ADDRESS2 = "ID punto de entrega  ",
TAG_DELIVERY_POINT = "ID agencia  ",
TAG_DELIVERY_TIME = "Nombre de agencia  ",
TAG_DELIVERY_POINT_ID = "ID cliente  ",
TAG_AGENCY_ID = "Nombre del cliente  ",
TAG_AGENCY_NAME = "Modificar precio  ",
TAG_CLIENT_ID = "Modificar precio unitario  ",
TAG_CLIENT_NAME = "Modificar descuento  ",
TAG_UPDATE_PRICE = "Entrada en stock  ",
TAG_UPDATE_UNIT_PRICE = "ID entrada  ",
TAG_UPDATE_DISCOUNT = "ID oferta  ",
TAG_PACKING = "Hoy  ",
TAG_PACKING_ID = "#Día de garantía  ",
TAG_OFFER_ID = "#Día de expiración  ",
TAG_TODAY = "ID línea  ",
TAG_DAY_MIN = "Seguimiento por  ",
TAG_DAY_EXPD = "Correo  ",
TAG_LINE_ID = "Remitente  ",
TAG_USHER = "Incoterm  ",
TAG_MAIL = "Proforma  ",
TAG_SENDER = "Modo de pago  ",
TAG_INCOTERMS = "Embalaje  ",
TAG_IDPROFORMA = "Info cliente  ",
TAG_PAY_METHOD = "Cantidad entregada  ",
TAG_PACKAGING = "Cantidad restante  ",
TAG_CUSTOM_INFO = "Stock total  ",
TAG_QUANTITY_REAL = "Cantidad de paquetes  ",
TAG_QUANTITY_LEFT = "Cantidad defectuosa  ",
TAG_STOCK_TOTAL = "Cantidad en stock  ",
TAG_QUANTITY_PACKAGE = "Cantidad secuencial mínima  ",
TAG_QUANTITY_DEFAULT = "Cantidad secuencial máxima  ",
TAG_QUANTITY_STOCK = "Peso paquete  ",
TAG_QUANTITY_SEQUENCE_MIN = "Peso restante  ",
TAG_QUANTITY_SEQUENCE_MAX = "Peso neto  ",
TAG_WEIGHT_PACKAGE = "Peso total  ",
TAG_WEIGHT_LEFT = "Peso paleta  ",
TAG_WEIGHT_NET = "Conductor  ",
TAG_WEIGHT_GLOBAL = "ID conductor  ",
TAG_WEIGHT_PALLET = "Nombre del conductor  ",
TAG_DRIVER = "#Paleta  ",
TAG_DRIVER_ID = "#Paquetes  ",
TAG_DRIVER_NAME = "Resumen de ausencias  ",
TAG_PALETTE_NB = "Resumen de tiempo reservado  ",
TAG_PACKING_NB = "Vista previa de actividades  ",
TAG_ABSENCE_SUMMARY = "Vista previa de vacaciones pagadas  ",
TAG_RESERVED_SUMMARY = "Total tiempo reservado  ",
TAG_ACTIVITY_OVERVIEW = "Tiempo reducido  ",
TAG_PAID_ABSENCE_OVERVIEW = "Tiempo pagado  ",
TAG_TOTAL_RESERVED = "Tipo de ausencia  ",
TAG_REDUCED_TIME = "TOTAL  ",
TAG_PAID_TIME = "Total ausencia  ",
TAG_ABSENCE_TYPE = "Total trabajado  ",
TAG_TOTAL = "Total global  ",
TAG_TOTAL_ABSENCE = "Tasa de ausencia  ",
TAG_TOTAL_PRESENCE = "Longitud  ",
TAG_TOTAL_GLOBAL = "Altura  ",
TAG_RATE_ABSENCE = "Ancho  ",
TAG_LENGTH = "Nivel técnico  ",
TAG_HEIGHT = "Cantidad de provisión  ",
TAG_WIDTH = "No.  ",
TAG_LEVEL_TECH = "No hay vehículo disponible para el horario de servicio al cliente del pedido",
TAG_QUANTITY_SUPPLIED = "Seleccione un empleado  ",
TAG_IDX = "Índice de requerimiento de recursos inválido  ",
TAG_ORDER_SCHEDULE_INFEASIBLE = "Recurso inválido  ",
TAG_SELECT_RESOURCE = "Tipo de recurso inválido  ",
TAG_PROCESS_TYPERESOURCE_TYPESITE_INDEXING_INVALID = "Categoría de recurso inválida  ",
TAG_RESOURCE_INVALID = "Grupo de recurso inválido  ",
TAG_RESOURCE_TYPE_INVALID = "No planificado para turno  ",
TAG_RESOURCE_CATEGORY_INVALID = "Ninguna fórmula seleccionada  ",
TAG_RESOURCE_GROUP_INVALID = "Ninguna franja horaria seleccionada  ",
TAG_NOT_PLANNED_FOR_TOUR = "Sin contrato  ",
TAG_NO_FORMULA_SELECTED = "Sin tarea  ",
TAG_NO_SHIFT_SELECTED = "Sin recurso  ",
TAG_NO_CONTRACT = "Sin grupo de recurso  ",
TAG_NO_TASK = "Sin tipo de recurso  ",
TAG_NO_RESOURCE = ": Fecha de recurso vacía  ",
TAG_NO_RESOURCE_GROUP = ": Programa de recurso vacío  ",
TAG_NO_RESOURCE_TYPE = ": conflictos de tareas con el calendario de trabajo de los recursos  ",
TAG_RESOURCE_DATE_EMPTY = ": recurso no descartable; exclusivamente ocupado por la tarea  ",
TAG_RESOURCE_SCHEDULE_EMPTY = ": restricción del grupo de recursos de tareas violada  ",
TAG_RESOURCE_SCHEDULE_CONFLICT = ": conflicto de tiempo de tarea  ",
TAG_RESOURCE_STRONGLY_OCCUPIED_BY_TASK = "exceso no reducible  ",
TAG_TASK_RESOURCE_GROUP_CONSTRAINT_VIOLATED = "makespan no reducible  ",
TAG_TASK_TIME_CONFLICT = "beneficio no reducible  ",
TAG_EXCESS_NO_MORE_REDUCILE = "Recurso(s) asignable(s) para  ",
TAG_MAKESPAN_NO_MORE_REDUCILE = "-->  ",
TAG_PROFIT_NO_MORE_REDUCILE = "Registros importados:  ",
TAG_RESOURCE_AVAILABLE_FOR = "Registros existentes:  ",
TAG_INTO = "Registros exportados:  ",
TAG_RECORDS_IMPORTED = "Etapa  ",
TAG_RECORDS_EXISTING = "Intercambio  ",
TAG_RECORDS_EXPORTED = "Relajación  ",
TAG_STEP = "Relajación completada  ",
TAG_SWAP = "Solución óptima  ",
TAG_RELAXATION = "Solución factible encontrada  ",
TAG_RELAXATION_TERMINATED = "Detenido sin solución  ",
TAG_OPTIMAL_SOLUTION = "Sin solución  ",
TAG_FEASIBLE_SOLUTION = "aumentado a  ",
TAG_STOPPED_NO_SOLUTION = "disminuido a  ",
TAG_NO_SOLUTION = "Solución inicial calculada  ",
TAG_INCREASED_TO = "Guardar solución  ",
TAG_DECREASED_TO = "Planificar con antelación",
TAG_INIT_SOLUTION_COMPUTED = "planificar hacia atrás  ",
TAG_WRITE_SOLUTION = "implicado  ",
TAG_FORWARD_SCHEDULE = "grupo(s)  ",
TAG_BACKWARD_SCHEDULE = "recurso(s)  ",
TAG_INVOLVING = "proyecto(s)  ",
TAG_GROUPS = "trabajo(s)  ",
TAG_RESOURCES = "tarea(s)  ",
TAG_PROJECTS = "tarea(s) dividida(s)  ",
TAG_JOBS = "Anteriormente acoplado  ",
TAG_TASKS = "Completo  ",
TAG_TASK2S = "Terminado  ",
TAG_PREVIOUSLY_COUPLED = "Sin mejor solución  ",
TAG_COMPLETE = "Solución óptima en términos de  ",
TAG_TERMINATED = "Recarga  ",
TAG_ITERATION_STOPPED_NO_SOLUTION = "Contabilidad  ",
TAG_OPTIMAL_SOLUTION_IN_TERMS_OF = "",
TAG_LOADING = "...  ",
TAG_ACCOUNTING = "......  ",
TAG_TAB_0 = "............  ",
TAG_TAB_1 = "........................................................................  ",
TAG_TAB_2 = "Sin pedido a planificar  ",
TAG_TAB_3 = "#Vehículo mínimo:  ",
TAG_SEPARATION_LINE = "#Recorrido mínimo:  ",
TAG_NO_ORDER_SELECTED = "Optimizar nuevos pedidos  ",
TAG_VEHICLE_AT_LEAST = "Optimizar pedidos planificados + nuevos pedidos  ",
TAG_TOUR_AT_LEAST = "Relajación de costo  ",
TAG_OPTIMIZE_CANDIDATE = "Relajación cruzada  ",
TAG_OPTIMIZE_PLANNED_CANDIDATE = "Max cruzada  ",
TAG_COST_RELAXATION = "Desvío  ",
TAG_CROSS_RELAXATION = "Mejora  ",
TAG_MAX_CROSS = "El sistema implica la restricción de tiempo de trabajo diario del vehículo; intenta eliminarla ajustando los horarios de turno  ",
TAG_DETOUR = "El sistema implica la restricción de duración diaria del vehículo; intenta eliminarla ajustando los horarios de turno  ",
TAG_IMPROVEMENT = "El sistema implica la restricción de recorrido completado en un día  ",
TAG_RESOURCE_DAILY_WORKTIME_CONSTRAINT_INVOLVED = "El sistema implica la restricción de ventana de tiempo de pedido  ",
TAG_RESOURCE_DAILY_MAKESPAN_CONSTRAINT_INVOLVED = "El sistema implica la restricción de tiempo máximo de recorrido de pedido  ",
TAG_TOUR_WITHIN_ONE_DAY_CONSTRAINT_INVOLVED = "El sistema implica la regla de tiempo de recorrido no interrumpible  ",
TAG_ORDER_TIME_WINDOW_CONSTRAINT_INVOLVED = "El sistema implica el tiempo de recorrido completado dentro de un día  ",
TAG_ORDER_MAX_ROUTE_TIME_CONSTRAINT_INVOLVED = "El sistema termina en solución...",
TAG_ORDER_ROUTE_TIME_NOT_INTERRUPTIBLE_RULE_INVOLVED = "El sistema busca al menos 2 soluciones...",
TAG_ORDER_ROUTE_TIME_COMPLETED_WITHIN_ONE_DAY = "El sistema resuelve mediante optimización iterativa...",
TAG_SEARCH_FOR_ONLY_1_SOLUTION = "El sistema resuelve mediante optimización iterativa ilimitada...",
TAG_SEARCH_FOR_AT_LEAST_2_SOLUTIONS = "El sistema involucra recursos secuencialmente capacitados. No es compatible con la programación hacia atrás.",
TAG_SOLVE_BY_ITERATIVE_OPTIMIZATION = "conflicto de tiempo de tarea en el recurso",
TAG_SOLVE_BY_UNLIMITED_ITERATIVE_OPTIMIZATION = "Terminar en el conteo de retrocesos:",
TAG_NO_BACKWARD_SCHEDULING_FOR_RESOURCE_SEQUENCING = "Terminar en la brecha de retrocesos:",
TAG_RESOURCE_TASK_TIME_CONFLICT = "Terminar en el límite de retrocesos:",
TAG_TERMINATE_AT_BACKTRACK_COUNT = "Terminar en el límite de tiempo:",
TAG_TERMINATE_AT_BACKTRACK_GAP = "Terminar en la solución",
TAG_TERMINATE_AT_BACKTRACK_LIMIT = "Leer los datos",
TAG_TERMINATE_AT_TIME_LIMIT = "Solución",
TAG_TERMINATE_AT_SOLUTION = "Anterior",
TAG_READ_DATA = "Actual",
TAG_SOLUTION = "Resultado",
TAG_PREVIOUS = "ID del proyecto",
TAG_PRESENT = "Estado de cálculo",
TAG_RESULT = "Objetivo",
TAG_IDENTITY = "Modo",
TAG_SOLUTION_STATE = "Horizonte",
TAG_OBJECTIVE = "Objetivos",
TAG_MODE = "Parámetros",
TAG_HORIZON = "Reglas",
TAG_OBJECTIVES = "Regla",
TAG_PARAMETERS = "Restricción",
TAG_RULES = "Operación",
TAG_RULE = "Restricción",
TAG_CONSTRAINT = "inicio",
TAG_OPERATION = "fin",
TAG_CONSTRAINT_RULE = "; Tiempo:",
TAG_START = "EXCEL Tablas",
TAG_END = "minuto",
TAG_COST_TIME = "segundo",
TAG_EXCEL = "IP",
TAG_MINUTE = "Puerto",
TAG_SECOND = "ID de trabajo",
TAG_IP = "Nombre del trabajo",
TAG_PORT = "ID de tarea",
TAG_JOB_ID = "Nombre de tarea",
TAG_JOB_NAME = "Tasa",
TAG_TASK_ID = "ID del personal",
TAG_TASK_NAME = "ilimitado",
TAG_RATE = "Unicapacitado",
TAG_PERSONNEL_ID = "Capacidad",
TAG_UNLIMITED = "Capacidad paralela",
TAG_UNICAPACITATED = "Capacidad secuencial",
TAG_CAPACITY = "Min Capacidad secuencial",
TAG_PARALLEL_CAPACITY = "Max Capacidad secuencial",
TAG_SEQUENCE_CAPACITY = "Min Capacidad paralela",
TAG_MIN_SEQUENCE_CAPACITY = "Max Capacidad paralela",
TAG_MAX_SEQUENCE_CAPACITY = "Tasa %",
TAG_MIN_PARALLEL_CAPACITY = "RSC",
TAG_MAX_PARALLEL_CAPACITY = "Min #vehículo",
TAG_RATE_PERCENTAGE = "Max #vehículo",
TAG_RSC = "Max #ruta",
TAG_MIN_RESOURCE = "Max duración de trabajo",
TAG_MAX_RESOURCE = "Max tiempo de trabajo",
TAG_MAX_TOUR = "Cantidad inicial",
TAG_MAX_MAKESPAN = "Peso inicial",
TAG_MAX_WORKTIME = "Volumen inicial",
TAG_QUANTITY0 = "Sitio de depósito",
TAG_WEIGHT0 = "Salida",
TAG_VOLUME0 = "Regreso",
TAG_DEPOT_SITE_ID = "no modificable",
TAG_OPTIMIZED_TO = "Progreso",
TAG_SOURCE = "Rutas a relajar",
TAG_SINK = "Resolviendo",
TAG_UNEDITABLE = "Configuración",
TAG_PROGRESS = "Vaciar etiquetas",
TAG_TOUR_TO_RELAX = "Horario normal",
TAG_SOLVING = "Mover tarea",
TAG_CONFIG = "Mover pedido",
TAG_CLEAR_LABEL = "Lo antes posible",
TAG_DEFAULT_SHIFT = "Lo más tarde posible",
TAG_MOVE_TASK = "H salida",
TAG_MOVE_ORDER = "H regreso",
TAG_T1 = "Horizonte",
TAG_T2 = "Noche",
TAG_DEPART_TIME = "Descanso franja 1",
TAG_RETURN_TIME = "Descanso franja 2",
TAG_HORIZON = "Descanso franja 3",
TAG_NIGHT = "Noche franja 1",
TAG_BREAK_1 = "Noche franja 2",
TAG_BREAK_2 = "Descanso 1 inicio",
TAG_BREAK_3 = "Descanso 1 fin",
TAG_NIGHT_1 = "Descanso 2 inicio",
TAG_NIGHT_2 = "Descanso 2 fin",
TAG_BREAK_START1 = "Descanso 3 inicio",
TAG_BREAK_END1 = "Descanso 3 fin",
TAG_BREAK_START2 = "Día inicio",
TAG_BREAK_END2 = "Día fin",
TAG_BREAK_START3 = "Tiempo Slot 1",
TAG_BREAK_END3 = "Tiempo Slot 2",
TAG_DAY1 = "Tiempo Slot 3",
TAG_DAY2 = "Hora inicio",
TAG_SLOT_1 = "Hora fin",
TAG_SLOT_2 = "Noche inicio",
TAG_SLOT_3 = "Noche fin",
TAG_HOUR1 = "Tiempo inicio",
TAG_HOUR2 = "Tiempo fin",
TAG_NIGHT1 = "Inicio servicio",
TAG_NIGHT2 = "Fin servicio",
TAG_TIME1 = "Fin de ruta",
TAG_TIME2 = "Vehículo planificado",
TAG_SERVICE_T1 = "Ruta planificada",
TAG_SERVICE_T2 = "Planificación inicio",
TAG_ROUTE_T2 = "Planificación fin",
TAG_PLAN_RESOURCE = "Duración planificada",
TAG_PLAN_TOUR = "Inicio real",
TAG_PLAN_T1 = "Fin real",
TAG_PLAN_T2 = "Registrado",
TAG_PLAN_MAKESPAN = "Inicio lo más temprano posible",
TAG_REAL_T1 = "Fin lo más tarde posible",
TAG_REAL_T2 = "Inicio planificado",
TAG_PROJECT_T0 = "Fin planificado",
TAG_T10 = "Prioridad",
TAG_T20 = "",
TAG_PROJECT_PLAN_T1 = "",
TAG_PROJECT_PLAN_T2 = "Hacer clic en",
TAG_PRIORITY = "Desplegar sistema",
TAG_DATA1 = "Lanzamiento sistema",
TAG_DATA2 = "Cierre sistema",
TAG_CLICK_TO = "Generar vistas",
TAG_DEPLOY_SYSTEM = "Importar datos",
TAG_START_SYSTEM = "Exportar datos",
TAG_SHUTDOWN = "Optimizar rutas",
TAG_GENERATE_VIEW = "Optimizar por ruta",
TAG_IMPORT_DATA = "Optimizar",
TAG_EXPORT_DATA = "Reoptimizar",
TAG_GENERATE_SOLUTION = "Optimización por ruta",
TAG_OPTIMIZE_TOUR = "Importar datos",
TAG_OPTIMIZE = "Autorizado",
TAG_REOPTIMIZE = "Autorizado a",
TAG_OPTIMIZATION_TSP = "Índice",
TAG_IMPORT_INPUT_TABLE = "Contenido",
TAG_AUTHORIZED = "Mensaje",
TAG_AUTHORIZED_TO = "Base de datos",
TAG_INDEX = "instantáneo  ",
TAG_CONTENT = "copia de seguridad  ",
TAG_MESSAGE = "solución actual  ",
TAG_DATABASE = "Mes  ",
TAG_TYPE_SNAPSHOT = "Número de búsquedas  ",
TAG_TYPE_BACKUP = "¿OK?  ",
TAG_TYPE_CURRENT_SOLUTION = "Tiempo local  ",
TAG_YEAR_MONTH = "; Tiempo global:  ",
TAG_SEARCH_COUNT = "Diagrama de producto  ",
TAG_ASK_OK = "Estricto  ",
TAG_LOCAL_TIME = "Número limitado  ",
TAG_GLOBAL_TIME = "Crítico  ",
TAG_DIAGRAM_PRODUCT = "Externo  ",
TAG_STRICT = "Continuo  ",
TAG_NB_LIMITED = "Divisible  ",
TAG_CRITICAL = "Indivisible  ",
TAG_EXTERNAL = "Pasivo  ",
TAG_CONTINUOUS = "Cuello de botella  ",
TAG_DIVISIBLE = "Disponible  ",
TAG_INDIVISIBLE = "Candidata  ",
TAG_PASSIVE = "Bloqueado  ",
TAG_BOTTLENECK = "Estricto  ",
TAG_AVAILABLE = "Etiquetado  ",
TAG_CANDIDATE = "División  ",
TAG_LOCKED = "Asignación diaria  ",
TAG_STRICT = "Activo en la planificación  ",
TAG_LABELED = "Ícono  ",
TAG_DIVISION = "Guardar  ",
TAG_DAILY_ALLOCATION = "Instantáneo  ",
TAG_ACTIVE_IN_SCHEDULING = "Tomar un instantáneo  ",
TAG_ICON = "Restaurar un instantáneo  ",
TAG_BACKUP = "Operación cancelada  ",
TAG_SNAPSHOT = "Día laboral  ",
TAG_TAKE_SNAPSHOT = "Hora de franja  ",
TAG_RESTORE_SNAPSHOT = "Fecha de franja  ",
TAG_CANCEL_INTERACTION = "",
TAG_SHIFT_DAY = "/  ",
TAG_SHIFT_SLOT = "División  ",
TAG_SHIFT_DATE = "Seleccionar/Deseleccionar  ",
TAG_SEPARATOR = "Seleccionar/Deseleccionar Regla  ",
TAG_SLASH = "Seleccionar/Deseleccionar Objetivo  ",
TAG_CLUB = "Elegido  ",
TAG_SELECT_DESELECT = "Resolver la fórmula  ",
TAG_SELECT_DESELECT_RULE = "Hoja de cálculo  ",
TAG_SELECT_DESELECT_OBJECTIVE = "",
TAG_RULE_SELECTED = "Fórmula  ",
TAG_SOLVE_FORMULA = "Hoja  ",
TAG_TABLE_SHEET = "Categoría  ",
TAG_TABLE_FORMULA = "Perfil  ",
TAG_FORMULA = "Línea  ",
TAG_SHEET = "No línea  ",
TAG_CATEGORY = "Columna  ",
TAG_PROFILE = "Rango  ",
TAG_LINE = "Valor  ",
TAG_LINE_IDX = "Excel  ",
TAG_COLUMN = "Ingreso  ",
TAG_ROW = "Camino  ",
TAG_VALUE = "Campo  ",
TAG_EXCEL_FUNCTION = "Menú  ",
TAG_REVENUE = "Función  ",
TAG_PATH = "Distancia  ",
TAG_FIELD = "#Sitio  ",
TAG_MENU = "Sitio 1  ",
TAG_FUNCTION = "Sitio 2  ",
TAG_SITE_SITE = "ID 1  ",
TAG_SITE_NB = "ID 2  ",
TAG_SITE1 = "Servicio  ",
TAG_SITE2 = "Sucesor  ",
TAG_ID1 = "a  ",
TAG_ID2 = "Editable  ",
TAG_SERVICE = "Horario de cliente  ",
TAG_SUCCESSOR = "Tiempo de servicio  ",
TAG_TO = "Tiempo de viaje  ",
TAG_EDITABLE = "Times New Roman  ",
TAG_TIME_WINDOW = "Simulación  ",
TAG_SERVICE_TIME = "Eliminar irreversible. ¿Continuar?  ",
TAG_ROUTE_TIME = "Comparación de instantáneas  ",
TAG_FONT_NAME = "Admin  ",
TAG_SIMULATION = "Cliente  ",
TAG_ASK_DELETE = "Tipo de Usuario  ",
TAG_SNAPSHOT_COMPARISON = "IP de Usuario  ",
TAG_USER_ADMIN = "ID de Usuario  ",
TAG_USER_CLIENT = "Nombre de Usuario",
TAG_USER_TYPE = "Diario  ",
TAG_USER_IP = "Comentarios  ",
TAG_USER_ID = "ID de proyecto  ",
TAG_USER_NAME = "Nombre de proyecto  ",
TAG_LOG = "ID de recurso  ",
TAG_FEEDBACK = "Nombre de recurso  ",
TAG_PROJECT_ID = "Personal  ",
TAG_PROJECT_NAME = "Registro de horas  ",
TAG_RESOURCE_ID = "Parámetros  ",
TAG_RESOURCE_NAME = "Instancia de proyecto  ",
TAG_PERSONNEL = "Resolver  ",
TAG_TIMESHEET = "Operación exitosa  ",
TAG_SETTINGS = "Datos faltantes:  ",
TAG_INSTANCE = "Eliminar instantáneas  ",
TAG_SOLVE = "Eliminar copias de seguridad  ",
TAG_OPERATION_SUCCESSFUL = "Limpiar datos  ",
TAG_DATA_MISSING = "Eliminar resultados  ",
TAG_CLEAR_SNAPSHOT = "ID padre  ",
TAG_CLEAR_BACKUP = "Número de serie  ",
TAG_CLEAN_DATA = "Resultados eliminados  ",
TAG_CLEAR_RESULT = "Eliminar registros  ",
TAG_PARENT = "Interacción rápida  ",
TAG_SERIAL_NO = "Importar / Exportar  ",
TAG_RESULT_CLEARED = "Iniciar resultado  ",
TAG_CLEAR_LOG = "Datos programados eliminados  ",
TAG_QUICK_INTERACTION = "Resolver los datos  ",
TAG_IMPORTEXPORT = "Datos de trabajos generados  ",
TAG_INITIATE_PLAN = "Datos de tareas generadas  ",
TAG_PLAN_DATA_CLEARED = "Datos de tareas por lotes generados  ",
TAG_SOLVE_DATA = "Datos programados relacionados para leer  ",
TAG_JOB_GENERATED = "Tiempo de cálculo:  ",
TAG_TASK_GENERATED = "Cantidad  ",
TAG_TASK2_GENERATED = "Demanda  ",
TAG_PLAN_DATA_READ = "Cantidad de recurso  ",
TAG_COMPUTATION_TIME = "Peso  ",
TAG_QUANTITY = "Volumen  ",
TAG_PROJECT_QUANTITY = "Parte  ",
TAG_RESOURCE_QUANTITY = "Super usuario:  ",
TAG_WEIGHT = "Tabla de Datos  ",
TAG_VOLUME = "Bloquear  ",
TAG_PIECE = "Desbloquear  ",
TAG_SUPER_USER = "€/T  ",
TAG_DATA_TABLE = "T  ",
TAG_LOCK = "KG  ",
TAG_UNLOCK = "K€  ",
TAG_EURO_TON = "€  ",
TAG_TON = "GPS  ",
TAG_KG = "Vacaciones pagadas  ",
TAG_K_EURO = "Archivo de Excel  ",
TAG_EURO = "optimizado  ",
TAG_GPS = "ID de Zona  ",
TAG_ABSENCE_PAID = "ID de División  ",
TAG_EXCEL_FILE = "ID de Franja horaria  ",
TAG_OPTIMIZED = "Nombre de Franja horaria  ",
TAG_ZONE_ID = "ID de Depósito  ",
TAG_CLUB_ID = "Nombre de Depósito  ",
TAG_SHIFT_ID = "Recurso programado  ",
TAG_SHIFT_NAME = "Eliminar Instantánea  ",
TAG_DEPOT_ID = "Agregar Sitio  ",
TAG_DEPOT_NAME = "Editar Sitio  ",
TAG_RESOURCE_TOUR = "Eliminar Sitio  ",
TAG_DELETE_SNAPSHOT = "Agregar distancia  ",
TAG_ADD_SITE = "Editar distancia  ",
TAG_EDIT_SITE = "Eliminar distancia  ",
TAG_DELETE_SITE = "Editar producto  ",
TAG_ADD_SITE_SITE = "Editar tarea  ",
TAG_EDIT_SITE_SITE = "Agregar depósito",
TAG_DELETE_SITE_SITE = "Editar Depósito  ",
TAG_EDIT_PRODUCT = "Eliminar Depósito  ",
TAG_EDIT_PROCESS = "Parámetro  ",
TAG_ADD_DEPOT = "Mostrar/Ocultar  ",
TAG_EDIT_DEPOT = "Por favor, verifique la tarea:  ",
TAG_DELETE_DEPOT = "Datos ya generados  ",
TAG_PARAMETER = "Solución ya generada  ",
TAG_SHOW_OR_HIDE = ": el número de grupos de recursos supera el límite  ",
TAG_CHECK_TASK = ": el número de grupos de recursos externos supera el límite  ",
TAG_DATA_ALREADY_GENERATED = "Los costos kilométricos son todos nulos  ",
TAG_SOLUTION_ALREADY_GENERATED = "Calcular tiempo de trabajo para  ",
TAG_NUMBER_OF_RESOURCE_GROUP_EXCCEDS_LIMIT = "Escribir el resultado  ",
TAG_NUMBER_OF_EXTERNAL_RESOURCE_GROUP_EXCCEDS_LIMIT = "Sistema Involucra Restricciones de Rutas de Vehículos de Múltiples Días  ",
TAG_KILOMETER_COST_0 = "Sistema Involucra Restricciones de Rutas de Vehículos de Múltiples Recorridos  ",
TAG_COMPUTE_WORK_TIME_FOR = "Sistema Involucra Restricción de Tiempo de Trabajo Diaria del Vehículo; Intente Eliminarlo Ajustando los Tiempos de Turno  ",
TAG_WRITE_RESULT = "Sistema Involucra Restricción de Tiempo Total Diario del Vehículo; Intente Eliminarlo Ajustando los Tiempos de Turno  ",
TAG_VEHICLE_MULTI_DAY_ROUTING_INVOLVED = "Sistema Involucra Restricción de Tour Completado Dentro de un Día  ",
TAG_VEHICLE_MULTI_TOUR_ROUTING_INVOLVED = "Sistema Involucra Restricción de Ventana de Tiempo de Pedido  ",
TAG_RESOURCE_DAILY_WORKTIME_CONSTRAINT_INVOLVED = "Horizonte de Planificación Vacío  ",
TAG_RESOURCE_DAILY_MAKESPAN_CONSTRAINT_INVOLVED = "Capacidad de los vehículos insuficiente  ",
TAG_TOUR_WITHIN_ONE_DAY_CONSTRAINT_INVOLVED = "Capacidad de Tour del Vehículo Insuficiente; #Tour:  ",
TAG_PROJECT_TIME_WINDOW_CONSTRAINT_INVOLVED = "Capacidad de Horizonte del Vehículo Insuficiente; Horizonte:  ",
TAG_HORIZON_EMPTY = "¡El proyecto existe!  ",
TAG_RESOURCE_CAPACITY_INSUFFICIENT = ": Demasiados proyectos; Límite superior:  ",
TAG_RESOURCE_TOUR_CAPACITY_INSUFFICIENT = ": la asignación de horario de recursos falla",
TAG_RESOURCE_HORIZON_CAPACITY_INSUFFICIENT = "Usuario no válido",
TAG_EXISTS_PROJECT = "Horario de trabajo desconocido",
TAG_TOO_MANY_PROJECTS = "Ninguna copia de seguridad",
TAG_RESOURCE_SCHEDULE_ALLOCATION_FAILS = "Ninguna instantánea",
TAG_USER_INVALID = "La instantánea existe",
TAG_SHIFT_INVALID = "selecciona la instantánea para restaurar",
TAG_NO_BACKUP = "selecciona solo una para modificar",
TAG_NO_SNAPSHOT = "selecciona solo una para agregar",
TAG_EXISTS_SNAPSHOT = ": ¡Sin autorización para calcular!",
TAG_ONLY_SNAPSHOT_TO_RESTORE = "Solo uno a seleccionar",
TAG_ONLY_ONE_TO_EDIT = "Por favor, selecciona solo un club; Clubs seleccionados:",
TAG_ONLY_ONE_TO_ADD = "Irreversible. ¿Continuar?",
TAG_NO_COMPUTING_PERMISSION = "¿Estás seguro de sincronizar las cantidades?",
TAG_ONLY_ONE_TO_SELECT = "¿Estás seguro de sincronizar las direcciones de los pedidos?",
TAG_ONLY_ONE_CLUB = "Club superior faltante",
TAG_ASK_CONTINUE_IRREVERSIBLE = "Recurso insuficiente para el tipo:",
TAG_ASK_SYNCHRONIZE_QUANTITY = ": Tipo de recurso Capacidad insuficiente",
TAG_ASK_SYNCHRONIZE_SITE = "Verificar 't2' en las tablas CONFIG y RESOURCE",
TAG_NO_SUPER_CLUB = "Actualizar después de esta operación",
TAG_RESOURCE_INSUFFICIENT_FOR_TYPE = ": El proyecto debe ser movido a un vehículo activo",
TAG_RESOURCE_TYPE_INSUFFICIENT_CAPACITY = ": El proyecto no es aceptable para el vehículo",
TAG_CHECK_CONFIG = ": Ventana temporal del proyecto fuera de horizonte",
TAG_REFRESH_AFTER_OPERATION = ": Proyecto fuera de horizonte",
TAG_PROJECT_MUST_BE_MOVED_TO_ACTIVE_RESOURCE = "ID existente:",
TAG_PROJECT_NOT_ACCEPTABLE_TO_RESOURCE = "Como máximo tres",
TAG_PROJECT_TIME_WIN_NOT_IN_HORIZON = ": selecciona únicamente un proyecto candidato",
TAG_PROJECT_OUT_OF_HORIZON = "La cantidad del proyecto debe ser mayor a 0:",
TAG_EXISTS_ID = ": selecciona únicamente un proyecto planificado",
TAG_AT_MOST_THREE = "Por favor, regenere el menú  ",
TAG_CANDIDATE_PROJECT_ONLY = "Proyecto sin candidato  ",
TAG_PRODUCTION_PROJECT_QUANTITY_NOT_POSITIVE = "Ningún proyecto  ",
TAG_PLANNED_PROJECT_ONLY = "Actualizar los resultados  ",
TAG_NEED_TO_REGENERATE_MENU = "Prohibido modificar el estado de los recursos  ",
TAG_NO_CANDIDATE_PROJECT = ": seleccione un proyecto no disponible/candidato únicamente  ",
TAG_NO_PROJECT = "Proceso periférico  ",
TAG_UPDATE_RESULT = "Los proyectos seleccionados han sido publicados  ",
TAG_FORBIDDEN_TO_EDIT_RESOURCE_STATE = "Eliminación ilegal  ",
TAG_UNAVAILABLE_CANDIDATE_PROJECT_ONLY = ": el tiempo de servicio debe ser superior a 0  ",
TAG_PERIPHERAL_PROCESS = "Ciclo de prioridad a la tarea  ",
TAG_SELECTED_PROJECT_ALREADY_RELEASED = "Solución generada  ",
TAG_ILLEGAL_DELETE = "Trabajo agrupado  ",
TAG_SERVICE_TIME_GT_0 = "Trabajo ordenado  ",
TAG_PRECEDENCE_CYCLE_AT_TASK = "seleccione al menos una regla  ",
TAG_SOLUTION_GENERATED = "La fecha seleccionada está vacía  ",
TAG_JOB_GROUPED = ": vehículo no válido para bloquear el proyecto  ",
TAG_JOB_SORTED = "Por favor, seleccione un solo vehículo  ",
TAG_AT_LEAST_ONE_RULE = "La fecha de inicio debe ser anterior a la fecha de fin  ",
TAG_DATE_SELECTED_IS_EMPTY = "registro vacío  ",
TAG_INVALID_RESOURCE_FOR_LOCKING_PROJECT = "registro repetido  ",
TAG_SELECT_FROM_ONLY_ONE_VECHILE = "Intersección con un registro existente  ",
TAG_DATE1_LESS_DATE2 = "Error de entrada  ",
TAG_EMPTY_RECORD = ": Solo seleccione recurso planificado  ",
TAG_REPETITION_RECORD = ": Solo seleccione recurso candidato  ",
TAG_INTERSECTED_RECORD = ": El mismo nombre de turno.  ",
TAG_INPUT_ERROR = "Error de datos  ",
TAG_PLANNED_RESOURCE_ONLY = "Direcciones de entrega no disponibles  ",
TAG_CANDIDATE_RESOURCE_ONLY = "Consejo  ",
TAG_SAME_SHIFTNAME = "CA mensual  ",
TAG_DATA_ERROR = "Cantidades mensuales  ",
TAG_SITE_MISSING = "Pesos mensuales  ",
TAG_ADVICE = "Editar entrega  ",
TAG_MONTHLY_REVENUE = "K€  ",
TAG_MONTHLY_QUANTITY = "Retraso en la entrega  ",
TAG_MONTHLY_WEIGHT = "Ruptura de 2 meses  ",
TAG_EDIT_DELIVERY = "Stock insuficiente  ",
TAG_UNIT_CURRENCY = "Familia  ",
TAG_LATE_DELIVERY = "Designación  ",
TAG_BREAK_2_MONTHS = "Materia  ",
TAG_INSUFFICIENT_STOCK = "Precio  ",
TAG_FAMILY = "Precio de catálogo",
TAG_DESIGNATION = "Precio unitario  ",
TAG_DESIGNATIONTECH = "Precio de compra  ",
TAG_PRICE = "Precio de venta  ",
TAG_PRODUCT_PRICE = "Precio de referencia  ",
TAG_PRICE_UNIT = "Precio de presupuesto  ",
TAG_PRICE_PURCHASE = "Precio mínimo  ",
TAG_PRICE_SALE = "Precio máximo  ",
TAG_PRICE_REF = "Productores  ",
TAG_PRICE_QUOTE = "Cantidad unitaria  ",
TAG_PRICE_MIN = "Peso unitario  ",
TAG_PRICE_MAX = "Volumen unitario  ",
TAG_PRICE_MIN_PRODUCER = "Productores  ",
TAG_PRICE_MIN_QUANTITY = "Cantidad unitaria  ",
TAG_PRICE_MIN_WEIGHT = "Peso unitario  ",
TAG_PRICE_MIN_VOLUME = "Volumen unitario  ",
TAG_PRICE_MAX_PRODUCER = "Probabilidad  ",
TAG_PRICE_MAX_QUANTITY = "CA  ",
TAG_PRICE_MAX_WEIGHT = "Descuento (%)  ",
TAG_PRICE_MAX_VOLUME = "Etiqueta de descuento  ",
TAG_PROBABILITY = "Cantidad + un paquete  ",
TAG_TURNOVER = "Volumen  ",
TAG_DISCOUNT = "Retraso  ",
TAG_DISCOUNT_LABEL = "CA (K€)  ",
TAG_INCREMENT_QUANTITY = "Piezas (1000)  ",
TAG_VOLUME = "Enero  ",
TAG_QTY_DELAY = "Febrero  ",
TAG_REVENUE_EURO = "Marzo  ",
TAG_PIECES = "Abril  ",
TAG_MONTH_01 = "Mayo  ",
TAG_MONTH_02 = "Junio  ",
TAG_MONTH_03 = "Julio  ",
TAG_MONTH_04 = "Agosto  ",
TAG_MONTH_05 = "Septiembre  ",
TAG_MONTH_06 = "Octubre  ",
TAG_MONTH_07 = "Noviembre  ",
TAG_MONTH_08 = "Diciembre  ",
TAG_MONTH_09 = "Ene  ",
TAG_MONTH_10 = "Feb  ",
TAG_MONTH_11 = "Mar  ",
TAG_MONTH_12 = "Abr  ",
TAG_MONTH01 = "May  ",
TAG_MONTH02 = "Jun  ",
TAG_MONTH03 = "Jul  ",
TAG_MONTH04 = "Ago  ",
TAG_MONTH05 = "Sep  ",
TAG_MONTH06 = "Oct  ",
TAG_MONTH07 = "Nov  ",
TAG_MONTH08 = "Dic  ",
TAG_MONTH09 = "M+1  ",
TAG_MONTH10 = "M+2  ",
TAG_MONTH11 = "M+3  ",
TAG_MONTH12 = "M+4  ",
TAG_MONTH_P01 = "M+5  ",
TAG_MONTH_P02 = "M+6  ",
TAG_MONTH_P03 = "M+7  ",
TAG_MONTH_P04 = "M+8  ",
TAG_MONTH_P05 = "M+9  ",
TAG_MONTH_P06 = "M+10  ",
TAG_MONTH_P07 = "M+11  ",
TAG_MONTH_P08 = "M+12  ",
TAG_MONTH_P09 = "Entrega  ",
TAG_MONTH_P10 = "Inventario  ",
TAG_MONTH_P11 = "Demanda  ",
TAG_MONTH_P12 = "Retraso  ",
TAG_DELIVERY = "2 meses  ",
TAG_INVENTORY = "3 meses  ",
TAG_DEMAND = "4 meses  ",
TAG_QUANTITY_DELAY_TODAY = ">4 meses  ",
TAG_QUANTITY_DELAY_2M = "Vehículo  ",
TAG_QUANTITY_DELAY_3M = "Error en la matriz de distancias  ",
TAG_QUANTITY_DELAY_4M = "Error en el tamaño de la matriz de distancias  ",
TAG_QUANTITY_DELAY_GT_4M = "> 50%  ",
TAG_VEHICLE = "< 50%  ",
TAG_DISTANCE_MATRIX_ERROR = "¿Desconexión?  ",
TAG_DISTANCE_MATRIX_SIZE_ERROR = "¿Generar las vistas?  ",
TAG_HISTOGRAM_RATE1 = "¿Modificar la contraseña?  ",
TAG_HISTOGRAM_RATE2 = "¿Limpiar los datos?  ",
TAG_ASK_LOGOUT = "¿Borrar los resultados? Irreversible. ¿Continuar?  ",
TAG_ASK_GENERATE_VIEW = "¿Vaciar etiquetas?  ",
TAG_ASK_UPDATE_PASSWORD = "¿Borrar los registros? Irreversible. ¿Continuar?  ",
TAG_ASK_CLEAN_DATA = "¿Mover tarea?  ",
TAG_ASK_CLEAR_RESULT = "Hacer clic para desconectar  ",
TAG_ASK_CLEAR_LABEL = "Hacer clic para generar las vistas  ",
TAG_ASK_CLEAR_LOG = "Hacer clic para limpiar los datos  ",
TAG_ASK_MOVE_TASK = "Hacer clic para borrar los resultados  ",
TAG_CLICK_TO_LOGOUT = "Hacer clic para optimizar las rutas",
TAG_CLICK_TO_GENERATE_VIEW = "Hacer clic para desplegar el sistema  ",
TAG_CLICK_TO_CLEAN_DATA = "¿Importar datos?  ",
TAG_CLICK_TO_CLEAR_RESULT = "¿Exportar datos?  ",
TAG_CLICK_TO_GENERATE_SOLUTION = "¿Desplegar el sistema?  ",
TAG_CLICK_TO_DEPLOY_SYSTEM = "¿Calcular datos diarios?  ",
TAG_ASK_IMPORT_DATA = "¿Calcular datos mensuales?  ",
TAG_ASK_EXPORT_DATA = "¿Exportar datos mensuales?  ",
TAG_ASK_DEPLOY_SYSTEM = "Borrar instantáneas. Irreversible. ¿Continuar?  ",
TAG_ASK_GENERATE_DAILY_DATA = "Borrar copias de seguridad. Irreversible. ¿Continuar?  ",
TAG_ASK_GENERATE_MONTHLY_DATA = "¿Restaurar un instantáneo?  ",
TAG_ASK_EXPORT_MONTHLY_DATA = "Hacer clic para importar datos  ",
TAG_ASK_CLEAR_SNAPSHOT = "Hacer clic para exportar datos  ",
TAG_ASK_CLEAR_BACKUP = "Hacer clic para calcular datos diarios  ",
TAG_ASK_RESTORE_SNAPSHOT = "Hacer clic para calcular datos mensuales  ",
TAG_CLICK_TO_IMPORT_DATA = "Hacer clic para exportar datos mensuales",
