SHEET_NUMBER=2;
SHEET_NAME=Adresse;12;2;
identité;type;zone;nom du site;lieu dit;rue;ville;pays;code postale;commentaire;latitude;longitude;
id;idTypeSite;idZone;name;name2;street;city;country;postcode;comments;latitude;longitude;
string key;string;string;string;string;string;string;string;string;string;string;string;
F0000;1;;Dépôt Piot;;13 Allée du Piot;GALLARGUES LE MONTUEUX;France;;;;;
F1311;;;SUPER MARKET (INTERMARKET);;52 BVD DORGELES;Marseille;France;13014;;;;
F1312;;;VITAMINES;;398 AVENUE SAINT ANTOINE;MARSEILLE;France;13015;;;;
F1313;;;O BON COUT;;258 avenue Roger Salengo;MARSEILLE;France;13015;;;;
F1314;;;AAVISENE 001563;;15 Rue Président John Fitzgerald Kennedy;ARLES;France;13200;;;;
F1315;;;BOUCHERIE L'ORANAISE;ZAC LA VAMPE;62 AVENUE DE LA FAUCONNIERE;Châteauneuf-les-Martigues;France;13220;;;;
F1316;;;SID;;480 avenue de la Rasclave;LA PENNE SUR HUVEAUNE;France;13821;;;;
F3007;;;BOUCHERIE L'OASIS;;4 PLACE JEAN ROBERT;NIMES;France;30000;;;;
F3009;;;ABDELMALEK TOUNSI 000595;;44 RUE BALLET;BAGNOLS SUR CEZE;France;30200;;;;
F3011;;;GKM;;83, rue des Lamparos;Le Grau-du-Roi;France;30240;;;;
F3012;;;EL MASSARI;;4 RUE JEAN MOULIN;UZES;France;30700;;;;
F3013;;;ABBADI AZIZ  002552;;16 AVENUE DE CAMARGUES;ST GILLES;France;30800;;;;
F3014;;;AB  DISTRIBUTION 002340;;94 AVENUE DOC FLEMMING;NIMES;France;30900;;;;
F3016;;;ALIMENTATION LE SOLEIL LEVANT;;23 Rue Matisse;NIMES;France;30900;;;;
F3405;;;SUPERMARKET 34;;672 RUE PAS DU LOUP;Montpellier;France;34070;;;;
F3409;;;BOUCHERIE FANTASIA 2;C C ST PAUL;105 AVENUE DU LAURAGAIS;MONTPELLIER;FRANCE;34080;;;;
F3411;;;BOUCHERIE OCCITANE;RES NEW CASTELE;1605 AVENUE DE L'EUROPE;CASTELNAU LE LEZ;France;34170;;;;
F3414;;;BIRCAN MARKET;ZAC DU PUECH RADIER;22 RUE MONTELES l'EGLISE;LATTES;France;34970;;;;
F8401;;;A.Y TRADE 002409;;33 RUE DU LUBERON;LE PONTET;France;84130;;;;
F8402;;;VIANDART;;14 RUE DAVID GUILLABERT;CARPENTRAS;France;84200;;;;
F8403;;;DAHMANI Sabri;;25 Rue des Magnolias;CAVAILLON;France;84300;;;;
F8405;;;ABY BOUCHERIE  001698;;54 CHEM DE LA GRANGE DES ROUE;SORGUES;France;84700;;;;
F9966;;;2711 Route de Sylvéréal;;;Saint-Gilles;France;30800;;;;
F9967;;;2 Chem. des Prés;;;Parignargues;France;30730;;;;
F9968;;;1 Chem. des Joncasses;;;Vic-la-Gardiole;France;34110;;;;
F9969;;;Mas Neuf de Saint-Jean;;;Saint-Laurent-d'Aigouze;France;30220;;;;
F9970;;;410 Cami des Oliviers;;;Montbazin;France;34560;;;;
F9971;;;Valergues;;;Valergues;France;34130;;;;
F9972;;;147 Imp. de la Confrérie;;;Le Triadou;France;34270;;;;
F9973;;;45 Chem. de la ville;;;Saint-Mathieu-de-Tréviers;France;34270;;;;
F9974;;;21 chemin de l’Escouo Port;;;Saussines;France;34160;;;;
F9975;;;Les Aspes lieu dit;;;Saint-Bauzille-de-Montmel;France;34160;;;;
F9976;;;133 Chem. des Olivettes;;;La Rouvière;France;30190;;;;
F9977;;;Chemin 6399;;;Arles;France;13200;;;;
F9978;;;Chem. du Mas Bois-Fontaine;;;Nîmes;France;30900;;;;
F9979;;;Saint-Césaire-de-Gauzignan;;;Saint-Césaire-de-Gauzignan;France;30360;;;;
F9980;;;Maussance-les-Alpilles;;;Maussance-les-Alpilles;France;13520;;;;
F9981;;;999 Chem. de la Font du Roy;;;Beaucaire;France;30300;;;;
F9982;;;2716 Rte de Courbessac;;;Nîmes;France;30000;;;;
F9983;;;Théziers;;;Théziers;France;30390;;;;
F9984;;;42 Rue des Amandiers;;;Poulx;France;30320;;;;
F9985;;;Chem. des Coussoudières;;;Piolenc;France;84420;;;;
F9986;;;180 Chem. du Haut Débat;;;Jonquières;France;84150;;;;
F9987;;;240 Rue des Frères Perret;;;Aix-en-Provence;France;13290;;;;
F9988;;;Canaules-et-Argentières;;;Canaules-et-Argentières;France;30350;;;;
F9989;;;Fontanès;;;Fontanès;France;30250;;;;
F9990;;;8 Chem. des Roussignou;;;Cabriès;France;13480;;;;
F9991;;;Saint-Martin-de-Crau;;;Saint-Martin-de-Crau;France;13310;;;;
F9992;;;N568;;;Fos-sur-Mer;France;13310;;;;
F9993;;;23 Chem. de Figuerolles;;;Marignane;France;13700;;;;
F9994;;;Mas de la Péronne;;;Miramas;France;13140;;;;
F9995;;;Chem. des Baïsses;;;Lançon-Provence;France;13680;;;;
F9996;;;Berre-l'Étang;;;Berre-l'Étang;France;13130;;;;
F9997;;;Les Boyers;;;La Bouilladisse;France;13720;;;;
F9998;;;Avenue Alonso Flores;;;Saint-Savournin;France;13119;;;;
F9999;;;Arles;;;Arles;France;13200;;;;
SHEET_NAME=Véhicule;13;2;
ID;Nom;Type;Site départ;Site retour;Début service;Fin service;Horaire travail;Max temps travail;Max durée travail;Max quantité;Max poids;Max volume;
id;name;idTypeResource;idSite1;idSite2;t1;t2;idShift;maxWorktime;maxMakespan;maxQuantity;maxWeight;maxVolume;
string key;string;string;;string;yyyy-mm-dd hh:mm;yyyy-mm-dd hh:mm;string;int;int;int;float;float;
248BCJ34;248BCJ34;21P;;F0000;;;01;0;0;21.000;.000;;
248BCJ35;248BCJ35;21P;;F0000;;;02;0;0;21.000;.000;;
248BCJ36;248BCJ36;21P;;F0000;;;02;0;0;21.000;.000;;
248BCJ37;248BCJ37;21P;;F0000;;;02;0;0;21.000;.000;;
248BCJ38;248BCJ38;21P;;F0000;;;02;0;0;21.000;.000;;
428BCL34;428BCL34;30P;;F0000;;;02;0;0;30.000;.000;;
428BCL35;428BCL35;30P;;F0000;;;01;0;0;30.000;.000;;
428BCL36;428BCL36;30P;;F0000;;;01;0;0;30.000;.000;;
428BCL37;428BCL37;30P;;F0000;;;01;0;0;30.000;.000;;
428BCL38;428BCL38;30P;;F0000;;;01;0;0;30.000;.000;;
NA03;NA03;21P;;F0000;;;01;0;0;21.000;.000;;
NA04;NA04;30P;;F0000;;;01;0;0;30.000;.000;;
NA05;NA05;30P;;F0000;;;01;0;0;30.000;.000;;
